Country Name,Country Code,Indicator Name,Indicator Code,1960,1961,1962,1963,1964,1965,1966,1967,1968,1969,1970,1971,1972,1973,1974,1975,1976,1977,1978,1979,1980,1981,1982,1983,1984,1985,1986,1987,1988,1989,1990,1991,1992,1993,1994,1995,1996,1997,1998,1999,2000,2001,2002,2003,2004,2005,2006,2007,2008,2009,2010,2011,2012,2013,2014,2015,2016,2017,2018,2019,2020,2021,2022,2023,2024,2025
Aruba,ABW,GDP (current US$),NY.GDP.MKTP.CD,,,,,,,,,,,,,,,,,,,,,,,,,,,405586592.2,487709497.2,596648044.7,695530726.3,764804469.3,872067039.1,958659217.9,1083240223,1245810056,1320670391,1379888268,1531843575,1665363128,1722905028,1873452514,1896456983,1961843575,2044111732,2254830726,2360017318,2469782682,2677641341,2843024581,2553793296,2453597207,2637859218,2615208380,2727849162,2790849721,2962906704,2983637430,3092427933,3276187709,3346623191,2471419182,2880902799,3324034443,3834729616,4265650673,
Africa Eastern and Southern,AFE,GDP (current US$),NY.GDP.MKTP.CD,24205688712,24958886027,27073233857,31769135009,30279553207,33806176717,36927249593,38444163574,41742001495,47048523179,47593907820,52188685167,56726057494,73083598129,89535976340,95295754527,96006417140,1.09208E+11,1.24083E+11,1.421E+11,1.78472E+11,1.85109E+11,1.78356E+11,1.85756E+11,1.70039E+11,1.49335E+11,1.60554E+11,1.90175E+11,2.07369E+11,2.20613E+11,2.56383E+11,2.76919E+11,2.41188E+11,2.39981E+11,2.43478E+11,2.73327E+11,2.73428E+11,2.88271E+11,2.68728E+11,2.65321E+11,2.87042E+11,2.6085E+11,2.69746E+11,3.58116E+11,4.45975E+11,5.21562E+11,5.875E+11,6.75E+11,7.2677E+11,7.26922E+11,8.63822E+11,9.59822E+11,9.69266E+11,9.81309E+11,9.98836E+11,9.10002E+11,8.31868E+11,9.78076E+11,1.02096E+12,1.01871E+12,9.38608E+11,1.11414E+12,1.22897E+12,1.17936E+12,1.24269E+12,
Afghanistan,AFG,GDP (current US$),NY.GDP.MKTP.CD,,,,,,,,,,,,,,,,,,,,,,,,,,,,,,,,,,,,,,,,,3521418060,2813571754,3825701439,4520946819,5224896719,6203256539,6971758282,9747886187,10109297048,12416152732,15856668556,17805098206,19907329778,20146416758,20497128556,19134221645,18116572395,18753456498,18053222687,18799444490,19955929052,14259995441,14497243872,17152234637,,
Africa Western and Central,AFW,GDP (current US$),NY.GDP.MKTP.CD,11904805742,12707719291,13630588814,14468913698,15803564796,16920876930,18033947667,16493541544,17022596884,19301191937,26696924214,24496786002,29489425516,36890633234,49687223643,57280116276,68385552348,71789497552,78778080490,96681064864,1.21446E+11,2.17607E+11,1.96265E+11,1.51421E+11,1.31373E+11,1.38005E+11,1.09518E+11,1.12641E+11,1.1177E+11,1.04577E+11,1.24278E+11,1.30794E+11,1.25449E+11,1.30547E+11,1.35351E+11,2.07844E+11,2.63564E+11,2.7646E+11,2.97127E+11,1.40119E+11,1.427E+11,1.50714E+11,1.80129E+11,2.08647E+11,2.57939E+11,3.16516E+11,4.02077E+11,4.70948E+11,5.7426E+11,5.15037E+11,6.05794E+11,6.91133E+11,7.4803E+11,8.4418E+11,9.04072E+11,7.78022E+11,7.00028E+11,6.94051E+11,7.7784E+11,1.027E+12,9.63785E+11,1.02665E+12,1.06365E+12,9.38238E+11,7.36385E+11,
Angola,AGO,GDP (current US$),NY.GDP.MKTP.CD,,,,,,,,,,,,,,,,,,,,,5930503401,5550483036,5550483036,5784341596,6131475065,7554065410,7072536109,8084412414,8769836769,10201780977,11229515599,10603784541,8307810974,5768720422,4438321017,5538749260,7526421519,7648380196,6506221616,6152923310,9129594970,8936079118,17311512432,20342128112,26997977897,41396636383,58653659980,73037821927,98790432989,81705175408,95546919755,1.25552E+11,1.43573E+11,1.48845E+11,1.5345E+11,1.02543E+11,59878249719,84376935689,89512794227,80734428593,58852456454,79559543805,1.31212E+11,1.07168E+11,1.00999E+11,
Albania,ALB,GDP (current US$),NY.GDP.MKTP.CD,,,,,,,,,,,,,,,,,,,,,1578102105,1808177156,1861163170,1881412587,1857337995,1897050117,2097326250,2080796250,2051236250,2253090000,2028553750,1099559028,652174990.8,1185315468,1880950864,2905092799,3234486232,2293666030,2600356999,3283941510,3584570165,4059064033,4515003117,5801712040,7406645793,8256658250,9150528132,11116937870,13258506375,12335540656,12086545641,12973755875,12246499748,12796985886,13296322588,11470171827,11988668785,13258268436,15379508330,15585111614,15241458745,18031989573,19017247014,23491242727,27046429297,
Andorra,AND,GDP (current US$),NY.GDP.MKTP.CD,,,,,,,,,,,78617711.1,89406608.15,113414397.4,150841639.3,186557082,220112572.2,227283850.8,253997897.2,308020261.2,411548748.4,446377776.8,388983266.2,375914743.6,327850042.5,330073080.6,346742714.7,481996012.9,611299924.5,721425939.2,795489582,1028989692,1106891362,1209992020,1007090270,1017544069,1178745283,1224024139,1180645572,1211953994,1240295199,1432606296,1548265927,1764279818,2366941614,2900244054,3161084847,3459336818,3957627537,4102317468,3688974807,3449925694,3629133063,3188653259,3193513470,3271686452,2789882569,2896611879,3000160415,3218418632,3155150256,2891002460,3324648076,3380611695,3785065525,4039842405,
Arab World,ARB,GDP (current US$),NY.GDP.MKTP.CD,,19998438485,20329047307,22364472061,24813307354,26771102387,28351046183,30600869635,34973045351,38563619624,43094140249,49930151659,59970718932,79130725987,1.52199E+11,1.6817E+11,2.10008E+11,2.42287E+11,2.65416E+11,3.58136E+11,4.86439E+11,4.94934E+11,4.631E+11,4.37477E+11,4.40187E+11,4.32864E+11,4.05452E+11,4.31233E+11,4.29363E+11,4.57356E+11,6.41684E+11,4.67929E+11,4.67773E+11,4.78902E+11,4.99876E+11,5.28475E+11,5.70906E+11,6.14595E+11,5.98783E+11,6.65405E+11,7.634E+11,7.44723E+11,7.46651E+11,8.30076E+11,9.87305E+11,1.21008E+12,1.43946E+12,1.67464E+12,2.11807E+12,1.82985E+12,2.1614E+12,2.57307E+12,2.81357E+12,2.88369E+12,2.93704E+12,2.58033E+12,2.53656E+12,2.61132E+12,2.92083E+12,2.96529E+12,2.6041E+12,3.08514E+12,3.74742E+12,3.6225E+12,3.73588E+12,
United Arab Emirates,ARE,GDP (current US$),NY.GDP.MKTP.CD,,,,,,,,,,,685986701.3,939893599.6,1415086929,4231243616,11651505689,14720728249,19213158779,24871775165,23775764225,31225659621,43599160050,49333424135,46622718605,42803323345,41807954236,40603650232,33943612095,36384908744,36275674203,41464995914,50701443748,51552165622,54239171888,55625170253,59305093980,65743666576,73571233996,78839008445,75674336283,84445473111,1.04337E+11,1.03312E+11,1.09816E+11,1.24346E+11,1.47824E+11,1.80617E+11,2.22117E+11,2.57916E+11,3.15475E+11,2.53547E+11,3.07736E+11,3.68881E+11,3.92793E+11,4.09633E+11,4.24936E+11,3.81973E+11,3.81717E+11,4.03365E+11,4.4056E+11,4.33926E+11,3.57162E+11,4.22441E+11,5.11403E+11,5.22622E+11,5.52325E+11,
Argentina,ARG,GDP (current US$),NY.GDP.MKTP.CD,15865474315,20132220375,18337691145,18272123664,25605249382,28344705967,28630474728,24256667553,26436857247,31256284544,31584210366,33293199095,34733000536,52544000117,72436777342,52438647922,51169499892,56781000101,89049453088,69252328952,76961923741,78676842367,84307486837,1.03979E+11,1.16915E+11,88150891728,1.05872E+11,1.08811E+11,1.2689E+11,76629728760,1.41353E+11,1.8972E+11,2.28779E+11,2.36742E+11,2.5744E+11,2.58032E+11,2.7215E+11,2.92859E+11,2.98948E+11,2.83523E+11,2.84204E+11,2.68697E+11,97724004252,1.27587E+11,1.64658E+11,1.98737E+11,2.32557E+11,2.87531E+11,3.61558E+11,3.32976E+11,4.23627E+11,5.30158E+11,5.45982E+11,5.52025E+11,5.2632E+11,5.94749E+11,5.57532E+11,6.43628E+11,5.2482E+11,4.47755E+11,3.85741E+11,4.86564E+11,6.33994E+11,6.49462E+11,6.38365E+11,
Armenia,ARM,GDP (current US$),NY.GDP.MKTP.CD,,,,,,,,,,,,,,,,,,,,,,,,,,,,,,,2256863449,2069870130,1272835453,1201312829,1315158637,1468317435,1596968946,1639492445,1893726437,1845482173,1911563669,2118467913,2376335048,2807061009,3576615240,4900469511,6384452067,9206301270,11662040714,8647937081,9260285756,10142111825,10619320683,11121464437,11609513247,10553337518,10546136236,11527458709,12457940695,13619290539,12641698583,13878908629,19513506553,24185982216,25955275380,
American Samoa,ASM,GDP (current US$),NY.GDP.MKTP.CD,,,,,,,,,,,,,,,,,,,,,,,,,,,,,,,,,,,,,,,,,,,512000000,524000000,509000000,500000000,493000000,518000000,560000000,675000000,573000000,570000000,640000000,638000000,643000000,673000000,671000000,612000000,639000000,647000000,721000000,750000000,871000000,,,
Antigua and Barbuda,ATG,GDP (current US$),NY.GDP.MKTP.CD,,,,,,,,,,,,,,,,,,77507407.41,88040740.74,109596296.3,132451851.9,149388888.9,166444444.4,184866666.7,212214814.8,246370370.4,297562963,346866666.7,411396296.3,455174074.1,478718518.5,504337037,525133333.3,565662963,625081481.5,616051851.9,679140740.7,734422222.2,789788888.9,835544444.4,901003703.7,877774074.1,898092592.6,948100000,1026329630,1143896296,1303674074,1487381481,1557640741,1386518519,1298348148,1287359259,1364729630,1325496296,1378707407,1437485185,1489603704,1534855556,1661529630,1726448148,1411637037,1602125926,1866566667,2005785185,2207622874,
Australia,AUS,GDP (current US$),NY.GDP.MKTP.CD,18635682982,19713123154,19953923193,21573443452,23835843814,26014244162,27349284376,30487524878,32763365242,36738245878,41395206623,45283847245,52117990654,63923126201,89086219602,97440939506,1.05209E+11,1.10505E+11,1.18661E+11,1.35094E+11,1.50201E+11,1.77152E+11,1.94323E+11,1.77524E+11,1.9375E+11,1.80861E+11,1.82707E+11,1.89727E+11,2.36461E+11,3.00264E+11,3.11841E+11,3.26416E+11,3.25983E+11,3.12569E+11,3.23269E+11,3.68725E+11,4.01963E+11,4.36322E+11,4.00362E+11,3.90348E+11,4.16902E+11,3.8036E+11,3.96437E+11,4.68517E+11,6.15643E+11,6.96811E+11,7.49708E+11,8.56604E+11,1.05845E+12,9.31762E+11,1.15257E+12,1.40294E+12,1.55273E+12,1.58374E+12,1.47468E+12,1.35681E+12,1.21159E+12,1.33089E+12,1.43314E+12,1.39835E+12,1.33334E+12,1.56062E+12,1.69563E+12,1.73445E+12,1.75702E+12,
Austria,AUT,GDP (current US$),NY.GDP.MKTP.CD,6624086313,7346566038,7793042529,8414050621,9213648656,10041659445,10939526219,11634569522,12499863917,13647475854,15312791744,17788536733,21973207929,29399860145,35051468640,39902300703,42791707448,51343861460,61809208756,73647694287,81737498405,70755997062,70996111963,71838528420,67719055773,69114996010,98648254169,1.23682E+11,1.32817E+11,1.32584E+11,1.65811E+11,1.73113E+11,1.94314E+11,1.89634E+11,2.02738E+11,2.40094E+11,2.35953E+11,2.11725E+11,2.17068E+11,2.16422E+11,1.96182E+11,1.96477E+11,2.12837E+11,2.6078E+11,2.9921E+11,3.13952E+11,3.33906E+11,3.8676E+11,4.29234E+11,3.9929E+11,3.89828E+11,4.28955E+11,4.0675E+11,4.26581E+11,4.38556E+11,3.79546E+11,3.93687E+11,4.14926E+11,4.52582E+11,4.42984E+11,4.34398E+11,4.80466E+11,4.73221E+11,5.16671E+11,5.34791E+11,
Azerbaijan,AZE,GDP (current US$),NY.GDP.MKTP.CD,,,,,,,,,,,,,,,,,,,,,,,,,,,,,,,8884848485,5344000000,444658671.6,1570392598,1193141110,2417331193,3176507376,3962362387,4446368571,4581248567,5272615723,5707616204,6236087738,7276413079,8680405741,13245421881,20981929498,33049419431,48851293785,44292427185,52909294792,65952796428,69679944504,74160560124,75239785452,53076235355,37866996883,40866627352,47112470052,48174235294,42693000000,54825411765,78807470588,72428470588,74315882353,
Burundi,BDI,GDP (current US$),NY.GDP.MKTP.CD,195999990,202999992,213500006,232749998,260750008,158994963,165444571.4,178297142.9,183200000,190205714.3,242732571.4,252842285.7,246804571.4,304339523.9,345263492.1,420986666.7,448412753.6,547535555.6,610225555.6,782496666.7,919726666.7,969046666.7,1013222222,1082926304,987143931.2,1149979286,1201725497,1131466494,1082403219,1113924130,1132101253,1167398478,1083037671,938632612,925030590.2,1000428394,869033856.3,972896267.9,893770740.2,808077223.4,870486065.9,876794723.1,825394519.4,784654423.6,915257323.4,1117113080,1273375078,1356199387,1611835857,1775495032,2032135192,2235812880,2327402363,2451624638,2705826648,2810532912,2618093125,2831362208,2913411408,2871555326,3227847281,3435598073,4036192553,3430949250,3082433067,
Belgium,BEL,GDP (current US$),NY.GDP.MKTP.CD,11810619368,12561701694,13436827167,14445805381,16168044450,17597783297,18894891312,20252508995,21654856965,24019653475,26706196047,29821661870,37209418019,47743801490,56033077879,65678189097,71113882968,82839905459,1.01247E+11,1.16315E+11,1.26829E+11,1.0473E+11,92095926188,87184239053,83349530159,86268264148,1.20019E+11,1.49394E+11,1.62299E+11,1.64221E+11,2.05332E+11,2.10511E+11,2.34782E+11,2.24722E+11,2.44884E+11,2.88026E+11,2.79201E+11,2.52708E+11,2.58528E+11,2.58246E+11,2.36792E+11,2.36746E+11,2.58384E+11,3.18083E+11,3.69215E+11,3.85715E+11,4.0826E+11,4.70922E+11,5.17328E+11,4.85015E+11,4.81557E+11,5.27197E+11,4.98414E+11,5.24097E+11,5.37987E+11,4.61045E+11,4.74272E+11,5.00909E+11,5.42639E+11,5.36726E+11,5.29694E+11,5.98522E+11,5.91086E+11,6.51331E+11,6.7137E+11,
Benin,BEN,GDP (current US$),NY.GDP.MKTP.CD,226195578.4,235668220.5,236434954,253927697.3,269819005.9,289908680.4,302925235.2,306221953.1,326323105.3,330748244.5,333627713.5,335073027.5,410331857,504376074.2,554654860.7,676870140.3,698408261.9,750049778.8,928843469.4,1186231020,1405251847,1291120188,1267778670,1095348199,1051134009,1045712789,1336102025,1562412228,1620246084,1502294416,1959965330,1986437797,1695315306,2274558083,1598075944,2169627138,2361116449,2268301646,2455092686,3677393999,3519991440,3666222635,4194342686,5349258094,6190270380,6567654954,7034111315,8169048383,9787734526,9738626517,9535345016,10693321364,11141358116,12517845124,13284527847,11388160997,11821065853,12701655837,14262408090,14391686313,15686741884,17687623530,17425405091,19673291004,21482643706,
Burkina Faso,BFA,GDP (current US$),NY.GDP.MKTP.CD,330442815.8,350247234.3,379567099.2,394040667.1,410321645,422916789.7,433889766.2,450753923.5,460442689.4,478298645.4,458404268.8,482411179.1,578595522,674773569.9,751133430.4,939972703.5,976547188.1,1131224878,1475583645,1748480621,1928719888,1775842334,1754450096,1600278605,1459880132,1552493196,2036303358,2369834950,2616040479,2615587734,3101300779,3135045584,3356692505,3199536465,1895290637,2379517975,2586550595,2447669102,2804902367,3389566713,2968370088,3190371081,3622350063,4740768143,5451688538,6146353173,6547419820,7625722837,9451435490,9450696873,10109619741,12080295978,12561015157,13444300486,13943016077,11832159316,12833363045,14106955615,15890066221,16032813503,17725010533,19697516284,18622421395,20112614449,23124729853,
Bangladesh,BGD,GDP (current US$),NY.GDP.MKTP.CD,4274894083,4817580375,5081413542,5319458563,5386054833,5906636792,6439687854,7253575688,7483685771,8471006438,8992722167,8751843188,6288245867,8086725729,12512460520,19448348073,10117113333,9651149302,13281767143,15565480322,18138049096,20249694002,18525399202,17609048822,18920840000,22278423077,21774033333,24298032258,26579005558,28781715189,31598340778,30957483950,31708874594,33166519418,33768660883,37939748769,46438484108,48244309133,49984559471,51270569884,53369787319,53991289844,54724081491,60158929188,65108544250,69476001239,71795736172,79611644975,91636997371,1.02475E+11,1.15276E+11,1.28607E+11,1.33311E+11,1.49999E+11,1.72887E+11,1.95147E+11,2.65225E+11,2.93732E+11,3.21363E+11,3.51232E+11,3.73979E+11,4.16272E+11,4.60132E+11,4.37415E+11,4.50119E+11,
Bulgaria,BGR,GDP (current US$),NY.GDP.MKTP.CD,,,,,,,,,,,,,,,,,,,,,19839230769,19870000000,19342000000,16563666667,17594944444,17155421053,20249294118,28101000000,22555941176,21988444444,20632090909,7628738475,8602887623,10832064942,9709240034,18991484420,12294964838,11316127379,15031055047,13637098579,13245990274,14183446026,16403043850,21144957990,26157743369,29868657858,34380536496,44431257129,54480684188,52023801230,50689051382,57681293007,54297052002,55819262375,57080897012,50765918159,53929397039,59167647388,66097226262,68507731354,70486877546,84374613233,90506153294,1.02199E+11,1.13343E+11,
Bahrain,BHR,GDP (current US$),NY.GDP.MKTP.CD,,,,,,,,,,,391577364.1,422181562.2,534081183.7,761132545.1,1042176884,1099107601,1581709519,1989060283,2272042965,2710160739,3493834468,3943109532,4145421080,4247030468,4440874566,4152376484,3470746843,3856922694,4209834173,4393093963,4809511005,5248911170,5402232447,5913001064,6330627926,6651180851,6938166755,7219407713,7031309043,7528469149,9062898936,8976196809,9593510638,11074813830,13150159574,15968723404,18504760638,21730000000,25710904255,22938218085,26805984043,29914680851,31963404255,33823324468,34772526596,32523297872,33884680851,37204813830,39567978723,40446808511,35837632979,40840212766,46458191489,46192260638,47109734309,
"Bahamas, The",BHS,GDP (current US$),NY.GDP.MKTP.CD,169736027.2,190022030.4,212170033.9,237650038,266560042.6,300272048,346800000,398000000,453800000,538700000,539500000,573400000,590900000,670900000,632400000,596200000,642100000,713000000,832400000,1139800100,1335300000,1426500000,1578300000,1732800000,2041100000,2320699900,2472500000,2713999900,2817900000,3062000000,3166000000,3111160000,3109000000,3092000000,3259000000,3429000000,3609000000,6332360000,6833220000,7683870000,8076470000,8317830000,8881160000,8870090000,9055290000,9836200000,10167250000,10618340000,10526000000,9981960000,10095760000,10070450000,10720400000,10475300000,11139100000,11837600000,11880900000,12446900000,12819200000,13277000000,10363200000,12037000000,13896800000,15271300000,15832800000,
Bosnia and Herzegovina,BIH,GDP (current US$),NY.GDP.MKTP.CD,,,,,,,,,,,,,,,,,,,,,,,,,,,,,,,7753478261,6122959184,4735044707,3630668950,1255802469,1866572954,2786045322,3671909673,4116774301,4686256363,5567772769,5800615375,6728220983,8498894359,10156541221,11222796337,12864841906,15778734264,19112796623,17613949091,17176315804,18644233537,17226735996,18179109209,18558734107,16404348361,17116926554,18326373136,20484058033,20482608984,20226038370,23672712121,24534663636,27592361498,29613572023,
Belarus,BLR,GDP (current US$),NY.GDP.MKTP.CD,,,,,,,,,,,,,,,,,,,,,,,,,,,,,,,17389558233,18404907975,16939790094,16275073527,14931435232,13972683274,14500437520,14128408566,15222012660,12138486532,12736856828,12354820144,14594900945,17825444724,23141566293,30210091837,36961894281,45275711996,60752106347,50873167326,57231904543,61762382328,65685890439,75527558966,78813069121,56454769845,47723545321,54725405751,60031026576,64410170653,61371673345,69673747132,73775179925,72478760370,75961865472,
Belize,BLZ,GDP (current US$),NY.GDP.MKTP.CD,28072478.07,29964999.97,31857591.86,33750113.75,36194586.19,40110040.11,44450044.45,47431255.75,44999910,47399905.2,53339893.32,59074687.2,65998069.38,78214767.83,103160450.4,118194026.3,97094227.23,117650000,136300000,151800000,257400000,260750000,248550000,262150000,290350000,287300000,311500000,371100000,421450000,491100000,546750912.3,596682100,695741150,752255150,771838000,818590250,850339100,872916050,929047000,999713050,1138138100,1172045150,1243912050,1308280250,1400202000,1474298400,1590463100,1706190450,1738453600,1688012750,1748988400,1831576700,1917083500,2035191450,2138242200,2193095150,2239604950,2266028250,2285915050,2381187850,2047284600,2428606250,2846604350,3052362650,3203631800,
Bermuda,BMU,GDP (current US$),NY.GDP.MKTP.CD,72400000,76500000,80700000,82600000,92200000,98000000,115000000,134800000,150000000,164900000,186300000,211100000,235400000,269500000,312600000,345000000,386300000,447000000,475800000,517200000,613299968,739100032,785500032,889400000,985699968,1039500032,1173500032,1296499968,1415100032,1501500032,1592400000,1634900000,1679900000,1820359900,1867160100,2030750000,2695390000,2932827000,3130748000,3324433000,3480219000,3680483000,3937228000,4186525000,4484703000,4868136000,6144000000,6767000000,6980000000,6656000000,6634526000,6312691000,6378188000,6465756000,6413988000,6654541000,6899911000,7142316000,7225977000,7423465000,6887364000,7290037000,7874381000,8579242000,9233600000,
Bolivia,BOL,GDP (current US$),NY.GDP.MKTP.CD,377020202,410101010.1,448400673.4,482828282.8,544023569,604377104.4,669191919.2,755808080.8,857912457.9,929629629.6,1017003367,1095622896,1257615645,1262968516,2100249875,2404697651,2731984008,3227436282,3758220890,4421336383,4537479608,5891598695,5594126369,5422656823,6169483225,5377276555,3959382833,4347956338,4597612362,4715973437,4867582598,5343262457,5643868749,5734699489,5981222859,6715161732,7396949126,7925736821,8497494652,8285064435,8397855485,8141516928,7905485146,8082399640,8773451752,9549122905,11451844902,13120108008,16674276286,17339992194,19649723722,23963164697,27084497482,30659338886,32996188017,33000198249,33941126194,45927439595,48414038842,49056643589,42313784081,47877892402,50959081954,52340206946,54881327453,
Brazil,BRA,GDP (current US$),NY.GDP.MKTP.CD,17030465539,17275940449,19231747852,23287712878,20963733695,22465522884,28283323733,31086389195,33930457425,37171640819,42327664794,48869830902,58434858375,83592275863,1.09795E+11,1.29204E+11,1.53169E+11,1.76344E+11,2.00279E+11,2.21338E+11,2.37393E+11,2.58015E+11,2.71314E+11,1.89657E+11,1.8834E+11,2.1088E+11,2.56481E+11,2.83057E+11,3.07882E+11,4.12991E+11,3.90726E+11,3.42609E+11,3.28188E+11,3.68296E+11,5.2537E+11,7.69333E+11,8.50426E+11,8.83206E+11,8.63711E+11,5.99642E+11,6.55448E+11,5.59984E+11,5.09795E+11,5.58234E+11,6.69289E+11,8.91634E+11,1.10763E+12,1.39711E+12,1.69586E+12,1.667E+12,2.20884E+12,2.61616E+12,2.46523E+12,2.47282E+12,2.45604E+12,1.80221E+12,1.79569E+12,2.06351E+12,1.91693E+12,1.87329E+12,1.47611E+12,1.67065E+12,1.95192E+12,2.19113E+12,2.18582E+12,
Barbados,BRB,GDP (current US$),NY.GDP.MKTP.CD,80021846.95,85363759.34,88782583.46,99893761.27,99252731.45,105021996.9,113195122.8,125554008.7,125733668.5,141393142,166210203,186826503,213725216.7,260767827.6,311804629.9,402178605,435911268.6,495097667.9,552883707.1,670362452.1,1012280615,1114204743,1163923830,1236016507,1346890071,1409536121,1547755183,1704370308,1812757918,2006165167,2012131457,2020583702,1957000000,2063342117,2151344901,2216974096,2363645403,2498384130,2817083478,2951822205,3059500000,3054500000,3106500000,3209500000,3444500000,3819500000,4217323400,4675767950,4790410400,4466809600,5672900000,5663100000,5761450000,5667200000,5620600000,5698150000,5674600000,5683150000,6001950000,6161850000,5407050000,5947550000,6884900000,7223250000,7498050000,
Brunei Darussalam,BRN,GDP (current US$),NY.GDP.MKTP.CD,,,,,,114039500.6,132757528,139029537.2,160818235.9,161210236.4,179078929.3,197525767.8,270822782,433095526.7,2319576214,2496420258,3054765590,3681242528,4100423674,6044367628,10795432294,9367218664,8932198186,7927590750,7632788075,6967623884,4190280003,4918010080,4535130305,4983622881,6039881087,6284497294,6327966435,6203339912,6467782518,7700144069,7663377306,7793034376,5550846020,6309070378,6570999088,6096155767,6333082876,7167725262,8619178774,10547202621,12644616419,13432029484,15926456515,11912904510,13707121038,18524791063,19048443341,18094148099,17097797386,12930296870,11400266045,12128168045,13566908391,13469235365,12005799654,14006496617,16681536467,15095084656,15340808592,
Bhutan,BTN,GDP (current US$),NY.GDP.MKTP.CD,,,,,,,,,,,61812113.07,66289450.33,70139866.81,78900289.32,92901784.5,86820762.49,88461262.78,97884433.8,94086227.61,105377995.2,128669200.9,139174178.1,141439317.4,156704289.9,160423493.9,163288815.4,191218115.5,242742766.3,272298066.6,264798626.2,287765007.1,240294286,240233531.2,225973692.8,258954708,290490983.8,303408345.6,352229076.7,363458380.9,399311199.5,460733418.4,496110225.7,559345263.7,651935430.3,735348490.4,860391000.2,942879878.5,1255767964,1317517835,1331343798,1708880730,1977728659,1973387228,1943696952,2089079571,2187815803,2357504761,2591358009,2583335722,2735683570,2457604334,2768802960,2898227744,3012896789,,
Botswana,BWA,GDP (current US$),NY.GDP.MKTP.CD,30411413.66,32902612.87,35644956.64,38091842.85,41616347.79,45788696.33,51465655.39,58642354.09,66248441.42,77361546.51,96243233.66,127448613.5,164460915,244124164,306044207.5,355168571.5,372025093,451624780.3,590407374.4,819870258.8,1060889704,1073812830,1014945696,1172230397,1240822167,1114783343,1392602164,1965226890,2644554159,3083822112,3790636324,3942876703,4146464587,4160129175,4259259604,4730599122,4847757218,5020265627,4790481509,5484263347,5788329609,5489608300,5438863983,7511582173,8957467707,9918907108,9919158482,10567270656,10730829116,10118459242,12637273429,15110643612,13907464500,14271738933,15470088501,13530748845,15082637184,16105155857,17031943186,16725908149,14960251608,18750182236,20321150599,19411266967,19402063513,
Central African Republic,CAF,GDP (current US$),NY.GDP.MKTP.CD,112155598.5,123134583.5,124482773.8,129379123.8,142025078.7,150574795.4,157930018.1,163820513.6,191767441.6,188039210.1,189106529.2,201450799.8,230317883.4,271183082,281398705.6,378660016.3,451152461.3,507298147.5,610578632,700764747.8,797048198.5,694803622.9,748312390.8,658679332.7,637820670.3,864849836.3,1122265013,1200991978,1264899288,1233930281,1440711459,1377374987,1411917553,1278781262,851174356.8,1115389674,1007791127,937741513,967338389.7,999477510.7,916777282.7,932648604.8,996068144.9,1142315523,1272360517,1337894379,1461859762,1699811295,1993407888,2067381665,2142591540,2437982705,2510126512,1691544110,1894813389,1695825714,1825018145,2072349973,2220979146,2221301351,2326720900,2516498412,2382618615,2555492086,2751494281,
Canada,CAN,GDP (current US$),NY.GDP.MKTP.CD,40563768947,41038192838,42336211556,45140337827,49503663836,54649410479,61252415405,65856924424,72048833006,79405011125,88192257632,99606454744,1.13464E+11,1.31764E+11,1.60949E+11,1.7442E+11,2.07272E+11,2.12325E+11,2.1937E+11,2.43891E+11,2.74777E+11,3.07247E+11,3.14648E+11,3.41866E+11,3.56718E+11,3.66186E+11,3.79007E+11,4.33134E+11,5.0938E+11,5.67212E+11,5.96076E+11,6.12528E+11,5.94387E+11,5.79054E+11,5.79944E+11,6.05961E+11,6.30608E+11,6.54987E+11,6.34E+11,6.78412E+11,7.44773E+11,7.38982E+11,7.60649E+11,8.95541E+11,1.02669E+12,1.17311E+12,1.31926E+12,1.46882E+12,1.55299E+12,1.37463E+12,1.61734E+12,1.79333E+12,1.82837E+12,1.8466E+12,1.80575E+12,1.55651E+12,1.52799E+12,1.64927E+12,1.72533E+12,1.74373E+12,1.65568E+12,2.02238E+12,2.19041E+12,2.17334E+12,2.24364E+12,
Central Europe and the Baltics,CEB,GDP (current US$),NY.GDP.MKTP.CD,,,,,,,,,,,,,,,,,,,,,,,,,,,,,,,2.72115E+11,2.46711E+11,2.55097E+11,2.70375E+11,3.08676E+11,3.94762E+11,4.17518E+11,4.11143E+11,4.49843E+11,4.36028E+11,4.29413E+11,4.69501E+11,5.28525E+11,6.34291E+11,7.6349E+11,8.85716E+11,1.00131E+12,1.26426E+12,1.53026E+12,1.28926E+12,1.31944E+12,1.45816E+12,1.3619E+12,1.42022E+12,1.46745E+12,1.29714E+12,1.32156E+12,1.4675E+12,1.65638E+12,1.68432E+12,1.67829E+12,1.92635E+12,1.95442E+12,2.27321E+12,2.46201E+12,
Switzerland,CHE,GDP (current US$),NY.GDP.MKTP.CD,10412232621,11713348834,12989649694,14283872299,15833133858,16780226225,18019402374,19397044714,20712102794,22442043274,24998066773,30040171751,36844318854,49550006320,57103011446,65466081819,68476524644,73135771167,1.0228E+11,1.1497E+11,1.22558E+11,1.12245E+11,1.15043E+11,1.14634E+11,1.09455E+11,1.1098E+11,1.5909E+11,1.99236E+11,2.15541E+11,2.08106E+11,2.65764E+11,2.68902E+11,2.79921E+11,2.72238E+11,3.01375E+11,3.52836E+11,3.40104E+11,2.94788E+11,3.03459E+11,2.97874E+11,2.79216E+11,2.86583E+11,3.09301E+11,3.62075E+11,4.03913E+11,4.18285E+11,4.41635E+11,4.90741E+11,5.67268E+11,5.54213E+11,5.98851E+11,7.15888E+11,6.8642E+11,7.06235E+11,7.26538E+11,6.94118E+11,6.87895E+11,6.95201E+11,7.25569E+11,7.21369E+11,7.41999E+11,8.15309E+11,8.28509E+11,8.94425E+11,9.36564E+11,
Channel Islands,CHI,GDP (current US$),NY.GDP.MKTP.CD,,,,,,,,,,,,,,,,,,,,,,,,,,,,,,,,,,,,,,,5945677377,6262740657,6439703435,6232906290,6663669065,7332244898,8553643354,8827272727,9676172953,11514605842,,9100755725,8902359316,9648680026,9454638123,9594745811,10527973278,10109273770,9168857222,9170044517,10026394044,10031864649,9439810769,11157540110,11308272505,12507320838,,
Chile,CHL,GDP (current US$),NY.GDP.MKTP.CD,4211103677,4948564551,5765971144,5702520146,6065708668,6183988944,7256882086,7145068068,7286820526,8456519044,9261006540,10999807567,12057501635,17237336173,16584311220,7812161793,10523479089,14272711437,16373093554,22249574628,29586676576,35180322211,19710229067,20629678694,19974595028,17933557360,19197818085,22605488851,26174858614,30101767991,33428580448,38232330917,46538895686,49934943321,57438273591,73820425702,78584098984,85741415285,81990010704,75578685736,78339750721,71574739561,70264045939,76492579644,99075985774,1.22294E+11,1.53844E+11,1.72491E+11,1.79895E+11,1.71778E+11,2.17051E+11,2.51383E+11,2.67025E+11,2.77395E+11,2.59561E+11,2.4245E+11,2.49345E+11,2.76154E+11,2.95858E+11,2.78285E+11,2.54042E+11,3.15326E+11,3.01227E+11,3.35518E+11,3.30267E+11,
China,CHN,GDP (current US$),NY.GDP.MKTP.CD,59846235025,50162299350,47310737754,50812227919,59821862703,70565994356,76854053259,73011350596,70980323819,79847786729,92752930873,99959013880,1.13872E+11,1.38764E+11,1.44418E+11,1.63688E+11,1.54197E+11,1.75227E+11,1.49789E+11,1.78574E+11,1.91488E+11,1.96218E+11,2.05481E+11,2.3113E+11,2.60443E+11,3.10065E+11,3.0131E+11,2.73455E+11,3.12889E+11,3.48381E+11,3.6156E+11,3.8451E+11,4.28502E+11,4.46557E+11,5.6693E+11,7.38191E+11,8.68524E+11,9.67754E+11,1.03713E+12,1.10384E+12,1.22375E+12,1.35504E+12,1.48982E+12,1.6839E+12,1.9842E+12,2.31755E+12,2.7915E+12,3.60406E+12,4.66735E+12,5.18958E+12,6.19256E+12,7.67176E+12,8.67366E+12,9.74312E+12,1.06745E+13,1.12808E+13,1.1456E+13,1.25376E+13,1.41478E+13,1.45602E+13,1.49964E+13,1.82017E+13,1.83168E+13,1.82704E+13,1.87438E+13,
Cote d'Ivoire,CIV,GDP (current US$),NY.GDP.MKTP.CD,546203559.3,618245634.2,645284473.7,761047198,921063326.6,919771228.8,1024102880,1082922725,1281281277,1361360293,1455482795,1584128509,1849400402,2508421426,3070152309,3893839190,4662053825,6265068189,7900526298,9142933967,10175617609,8432589942,7567110849,6838184773,6841639247,6977650644,9158302100,10087654465,10255169806,9757410645,10795850583,10492628581,11152971274,11045760288,8313557510,11000146267,18071152831,18047558038,19619654756,18870992456,16577533892,16810537044,18054383321,21251754340,23510575681,24036918703,25281413263,28760090953,34078240293,33886813250,34936307980,36693710801,36302302877,42760235485,48843005614,45815005169,48407761037,52512343997,58522477787,60382894697,63027852805,72794636654,70922824814,80780312569,87113179149,
Cameroon,CMR,GDP (current US$),NY.GDP.MKTP.CD,614206068.5,652777608.3,694247864.4,718320845,776650176.9,814083265.5,851112534.6,936175260,1046191218,1100551489,1151216993,1236941394,1498251890,1901393361,2157415533,2857037371,2898090002,3394664024,4662852583,5919002983,6674569047,6610938617,6611255964,6870200010,7311938026,8544810498,11857056199,13049659981,12236057362,11012566195,12314482628,11840192296,12071775335,16181814713,8902446252,10864772471,11093538846,10789458433,11298144990,11565826465,10566579295,10953485349,12417251350,15970315035,18826214136,19509852207,20910512975,23928250433,27715142033,27932970317,27507501821,30630910495,30155062329,33728621180,36386544706,32210233020,33814337044,36098547033,39955552190,39667757528,40773241177,45011937347,44347206073,48814501547,53296694320,
"Congo, Dem. Rep.",COD,GDP (current US$),NY.GDP.MKTP.CD,3359404118,3086746857,3779841429,6213185743,2881545273,4043901818,4532660182,3384063372,3909780539,5032434970,4877684910,5594770359,6173712814,7870239461,9596960180,10237343174,9648583225,12344424764,15372608002,15068422236,14394927495,12537821038,13651667371,11006712650,7857729193,7195042616,8095367168,7661625473,8861299977,9021862775,9349764580,9625436873,8227343907,10706259937,5820382248,5643439376,5771456952,6090838693,6217805821,4711259427,19088046306,7438189100,8728038525,8937567060,10297483481,12609728573,15484044535,18374807773,22723488723,18607259481,24161641931,26392379642,30029369929,34891189160,38352980553,40179574490,38600224214,37537521566,46659954092,46845900350,46691989749,59067289574,70422346142,69843655425,70962185791,
"Congo, Rep.",COG,GDP (current US$),NY.GDP.MKTP.CD,131731862.8,151675738.9,166521239.7,172233430.7,185693724.9,198318064,220613582,237397428.1,251247457.8,265040036.4,274960699.9,322128019,410669263.7,541973362.6,585364634.5,767102680.2,754549601.4,765224029.3,878771772.2,1198749667,1705796853,1993512323,2160640565,2097274290,2193581365,2160872540,1849268212,2297753652,2212536312,2389593026,2798746050,2724853506,2933222703,2684323623,1769365438,2116003868,2540697539,2322719103,1949481379,2354772960,3227927698,2796704604,3034250924,3503723088,4656974940,6650001680,8072305029,8782703437,11649857673,9723299915,13148396212,15655383577,17692911296,17958720699,17919321078,12434793867,10931328151,11834473039,14773900289,13976637780,11468687464,14825690211,15817030155,15321055823,15719986077,
Colombia,COL,GDP (current US$),NY.GDP.MKTP.CD,4031152977,4540447761,4955543963,4836166667,5973366667,5760761905,5428518519,5825170438,5960212869,6450175214,7198360460,7820380971,8671358733,10315760000,12370029584,13098633902,15341403660,19470960619,23263511958,27940411250,33400735644,36388366869,38968039722,38729822782,38253120738,34894411352,34942489684,36373307085,39212550050,39540080200,47844090710,49175565911,58418985443,66446804803,81703500846,92507279383,97160109278,1.0666E+11,98443739941,86186158685,99875074951,98200641203,97945812803,94644969157,1.17092E+11,1.45601E+11,1.61793E+11,2.0623E+11,2.42504E+11,2.32469E+11,2.86499E+11,3.34966E+11,3.70691E+11,3.82094E+11,3.81241E+11,2.93492E+11,2.8272E+11,3.11867E+11,3.34198E+11,3.23032E+11,2.70348E+11,3.18525E+11,3.45632E+11,3.66292E+11,4.18818E+11,
Comoros,COM,GDP (current US$),NY.GDP.MKTP.CD,,,,,,,,,,,,,,,,,,,,,243390495.9,212958381.5,202152461.8,196193379.7,189102734.2,191944891.6,258143902.9,313292323,336422522.4,328665080.8,401561021.5,400592662.6,436552922.1,427750822.9,314789556,392774713.6,392488148.7,362816806.1,363932160.2,371921712.5,339504306.3,372746486.2,427360070.3,546830040.5,622679660.4,655375095.9,688498641.5,795673152.9,915659108,905341172.7,907978730.9,1023086274,1015843491,1116224107,1149587661,966029600.9,1012835493,1077439757,1178530633,1187915409,1218763671,1272238391,1222485532,1326836543,1440991455,
Cabo Verde,CPV,GDP (current US$),NY.GDP.MKTP.CD,,,,,,,,,,,,,,,,,,,,,142246815.3,139468209.1,140630679,138476175.6,132019038.6,137728204.8,190651167.6,235253064.7,264308140.3,267448571.4,306890962.6,319827058.6,357160985.3,490417389.7,406580652.3,487148993.5,501979269.8,490608657.9,521910560.5,592416703.1,539227277.6,563090490.4,620507387.5,813260468.9,924940011.8,972241676.9,1107571458,1649621739,1959620648,1852334575,1824751468,2046817987,1913081210,2028910915,2041930125,1749857620,1849789986,1996741540,2205099507,2252177124,1821565614,2051842619,2247003344,2504525549,2725414151,
Costa Rica,CRI,GDP (current US$),NY.GDP.MKTP.CD,507513830,490325181.6,479180824.3,511902136.8,542578367.2,592981162.3,647305630.2,699456618.9,773841494.3,853630203.8,984830158.5,1077147538,1238251696,1528925846,1666544754,1960863466,2412555426,3072427013,3523208810,4035519323,4831447001,2623803096,2606623555,3146772631,3660477856,3919203960,4418983871,4532952047,4614629898,5251025767,5711687787,7215725487,8579754758,9564815975,10489903725,11578594260,11678424507,12614602382,13684255947,14254866285,15013629662,15976174337,16578820687,17271760507,18610594846,20040642477,22715540324,26884700709,30801745700,30745714313,37658616952,42762613699,47231655432,50949668842,52016408854,56441920821,58847019610,60516044657,62420164992,64417670521,62395610760,64960725734,69243626029,86497941439,95350423177,
Caribbean small states,CSS,GDP (current US$),NY.GDP.MKTP.CD,1165303060,1272022469,1356047350,1447988752,1546223258,1658476311,1763304085,1929997389,1980508886,2152507805,2268330542,2457968135,2734457345,3173389132,4201310615,4819825581,4937767513,5937525886,6776416499,8405785521,10876340879,11977463255,13292712867,13189051711,13689070379,13794627076,11773697053,12334469174,12745727416,12606272527,13573367100,13946896742,14242986936,13815833342,14788599389,15732201525,16941993240,20074931520,21643804665,23393912390,25625542926,26504661126,27742046925,30589389406,33597817092,38224293959,44325879983,49739222993,57296315262,47913515379,53047626322,56828150706,60427163825,62064949752,64075043973,62545153672,58073168350,59690101434,61252081220,62185458483,53320869431,62687149265,78506430711,79534673453,90344593407,
Cuba,CUB,GDP (current US$),NY.GDP.MKTP.CD,,,,,,,,,,,5693005200,6914658400,8135150892,9987709650,11405957317,13027415244,13789579903,14206158675,17844705325,19584443288,19912889861,20150254096,20953510235,22204940512,24039383608,22920490774,24226574634,25213935012,27458999472,27023468666,28645436569,24316556026,22085858243,22367254865,28448326757,30429803651,25017368700,25365908100,25736331200,28364615200,30565400000,31682400000,33590500000,35901200000,38203000000,42643836100,48835925926,54262870370,56302129630,57481481481,59562962963,68990000000,73141000000,77148000000,80656100000,87132800000,91370407900,96850649700,1.0005E+11,1.03428E+11,1.07352E+11,,,,,
Curacao,CUW,GDP (current US$),NY.GDP.MKTP.CD,,,,,,,,,,,,,,,,,,,,,,,,,,,,,,,,,,,,,,,,,2120511229,2143450726,2160784693,2202117374,2237160503,2344637263,2457581732,2593831508,2833476145,2869153184,2951342793,2930092237,3012836257,3033568606,3059406995,3058779212,3024690188,3033433248,3046364820,3026124116,2534327592,2739594360,3075180835,3281419347,3561178196,
Cayman Islands,CYM,GDP (current US$),NY.GDP.MKTP.CD,,,,,,,,,,,,,,,,,,,,,,,,,,,,,,,,,,,,,,,,,,,,,,,4200288282,4466278031,4585948969,4281714618,4156841164,4186073160,4291004486,4405796081,4562853582,4708167255,4909322200,5166281293,5530178499,5941896600,5655357984,6060813808,6660161212,7241244269,,
Cyprus,CYP,GDP (current US$),NY.GDP.MKTP.CD,,,,,,,,,,,,,,,,489912574.3,576090073.7,734876021.1,964024364.4,1288699776,2154311277,2087496374,2159242417,2160364071,2278248953,2430411900,3090734463,3704813886,4278792597,4563482604,5591130218,5770197348,6912150456,6590291048,7425703929,9933137128,10011914680,9547816420,10248618778,10497907228,9985847314,10397898907,11420228846,14547329558,17320551250,18433412511,20072754987,23968727074,27844646258,26048179949,25799940078,27641549302,25047436975,23959712861,23225918260,19909278417,21046462281,22946570629,25754001368,26196667100,25555093854,30372642502,31218038929,35075423857,37634533332,
Czechia,CZE,GDP (current US$),NY.GDP.MKTP.CD,,,,,,,,,,,,,,,,,,,,,,,,,,,,,,,41016881802,30071014282,35051065440,41155654032,48188478339,60572381311,67804105330,62539765163,67187217328,65586562605,62175642238,68135304464,82607869610,1.00436E+11,1.20148E+11,1.37264E+11,1.56236E+11,1.90041E+11,2.36506E+11,2.06972E+11,2.11169E+11,2.31429E+11,2.10363E+11,2.13024E+11,2.10911E+11,1.89108E+11,1.98161E+11,2.21564E+11,2.51992E+11,2.56794E+11,2.5111E+11,2.90973E+11,3.01831E+11,3.45059E+11,3.47034E+11,
Germany,DEU,GDP (current US$),NY.GDP.MKTP.CD,84619845881,96558204043,1.05895E+11,1.12233E+11,1.2333E+11,1.34775E+11,1.43304E+11,1.45101E+11,1.56527E+11,1.77733E+11,2.16629E+11,2.50901E+11,3.009E+11,3.99834E+11,4.46935E+11,4.92434E+11,5.21659E+11,6.02698E+11,7.43183E+11,8.84574E+11,9.53772E+11,8.03405E+11,7.79422E+11,7.73508E+11,7.27768E+11,7.35219E+11,1.05009E+12,1.30293E+12,1.40637E+12,1.40409E+12,1.77816E+12,1.87579E+12,2.14138E+12,2.07895E+12,2.21528E+12,2.59305E+12,2.50658E+12,2.21879E+12,2.24776E+12,2.21387E+12,1.96698E+12,1.96638E+12,2.10235E+12,2.53472E+12,2.85232E+12,2.89339E+12,3.04631E+12,3.48406E+12,3.8082E+12,3.47855E+12,3.46709E+12,3.82358E+12,3.59648E+12,3.80702E+12,3.96487E+12,3.4251E+12,3.53679E+12,3.76535E+12,4.05543E+12,3.95989E+12,3.9414E+12,4.35525E+12,4.20102E+12,4.56221E+12,4.68559E+12,
Djibouti,DJI,GDP (current US$),NY.GDP.MKTP.CD,,,,,,,,,,,,,,,,,,,,,,,,,,340989528,,373371738.3,395794538.6,409220087.1,452328087.3,462421998.5,478058304.9,466048469.2,491689220.7,497723960.6,494004647.7,502675542,514267869.3,536080148.1,551230861.9,572417440.8,591122039.6,622044665.5,666072101.8,708633194.7,768873684,847918929.1,999105339.3,1049110685,1128611700,1239144502,1353632942,2044440443,2220637966,2424391785,2604955229,2762581334,2913464658,3088851450,3144136197,3392796953,3562814909,3898447007,4152145940,
Dominica,DMA,GDP (current US$),NY.GDP.MKTP.CD,,,,,,,,,,,,,,,,,,45872947.41,57130215.56,55017758.89,72804653.33,82107391.11,89527576.67,98665191.48,109157070.7,119491933,135161958.5,151868754.4,171106184.1,185137243,201429629.6,219762963,234059259.3,245525925.9,264374074.1,274522222.2,292285185.2,302988888.9,322411111.1,331759259.3,333470370.4,377462963,375200000,373318518.5,396711111.1,391455555.6,416674074.1,444685185.2,480003703.7,515618518.5,519859259.3,532081481.5,520355555.6,545325925.9,572255555.6,583177777.8,612711111.1,563355555.6,628244444.4,644259259.3,528944444.4,562911111.1,623062963,659311111.1,688881481.5,
Denmark,DNK,GDP (current US$),NY.GDP.MKTP.CD,6361166545,7058361229,7953274741,8466044980,9677401337,10870670865,11931740293,13059064806,13505574133,15414902667,17075457733,19086192720,23230667549,30718181337,34125712481,40418967666,44503607444,49711709588,60320089218,70393030603,70811287816,61459941461,60084214872,60331158447,58868891335,62452421011,87748695217,1.09183E+11,1.1554E+11,1.12312E+11,1.38218E+11,1.39181E+11,1.52966E+11,1.43111E+11,1.56018E+11,1.84848E+11,1.87481E+11,1.73241E+11,1.76877E+11,1.77888E+11,1.64044E+11,1.64882E+11,1.78788E+11,2.18421E+11,2.51986E+11,2.6515E+11,2.83386E+11,3.20213E+11,3.54979E+11,3.22619E+11,3.22346E+11,3.44316E+11,3.26793E+11,3.44631E+11,3.52833E+11,3.01759E+11,3.12182E+11,3.31611E+11,3.55293E+11,3.45401E+11,3.55631E+11,4.0611E+11,4.00114E+11,4.04652E+11,4.24525E+11,
Dominican Republic,DOM,GDP (current US$),NY.GDP.MKTP.CD,672399700,654100200,824100000,940799900,1025599900,888100000,983900000,1034800000,1079100000,1230500000,1485500000,1666500000,1987400000,2344800000,2925700000,3599200000,3951500000,4587100000,4734400000,5498800000,6761300000,7561300000,8267400000,9220600000,11594000000,5044579979,6122128558,5827050753,5374299981,6686593060,7073675545,9824483340,11605382504,13081042400,14644734599,16637370839,18241622548,20017450041,21672215547,22136579397,24305780629,25601823688,27137440786,21403167848,22322387382,35777560684,37879830084,43965458509,48091433554,48223781477,53801053353,57948261616,60561635556,62555417415,67014329100,70966782572,75552902636,79070274743,84994732049,89146130745,78546672407,94850719517,1.13478E+11,1.20456E+11,1.24282E+11,
Algeria,DZA,GDP (current US$),NY.GDP.MKTP.CD,2723615451,2434747056,2001444544,2702982018,2909316435,3136284307,3039859187,3370870376,3852147027,4257253264,4863526897,5077183094,6766743957,8707858912,13209871626,15557902754,17728240932,20972113685,26364491313,33243706860,42345829079,44348590461,45207167470,48801369800,53698548293,57937868670,63692007897,66745818375,59089396860,55634721573,62048507531,45715676428,48003133347,49945584453,42543176829,41764291672,46941554225,48177612042,48187781984,48640671735,54790398570,59413400924,61516103406,73482264191,91913680985,1.07047E+11,1.23084E+11,1.42483E+11,1.80384E+11,1.50317E+11,1.77785E+11,2.18332E+11,2.27144E+11,2.29701E+11,2.38943E+11,1.87494E+11,1.80764E+11,1.89881E+11,1.94554E+11,1.9346E+11,1.64873E+11,1.86231E+11,2.25582E+11,2.47924E+11,2.69322E+11,
East Asia & Pacific (excluding high income),EAP,GDP (current US$),NY.GDP.MKTP.CD,80886065110,71247395333,64989160573,70288432261,81184317666,94594887800,1.03483E+11,1.00475E+11,1.01581E+11,1.14218E+11,1.27183E+11,1.3658E+11,1.55518E+11,1.95617E+11,2.21666E+11,2.48773E+11,2.52943E+11,2.91533E+11,2.82919E+11,3.27589E+11,3.77947E+11,4.03551E+11,4.23851E+11,4.4384E+11,4.80915E+11,5.26601E+11,5.25183E+11,5.19033E+11,5.76127E+11,6.22836E+11,6.6741E+11,7.24655E+11,8.12995E+11,8.92446E+11,1.07448E+12,1.32574E+12,1.52311E+12,1.57677E+12,1.44128E+12,1.58777E+12,1.74862E+12,1.86293E+12,2.06386E+12,2.3379E+12,2.71236E+12,3.14009E+12,3.78328E+12,4.78705E+12,6.06202E+12,6.58135E+12,8.00861E+12,9.77426E+12,1.09053E+13,1.20475E+13,1.30047E+13,1.35489E+13,1.38441E+13,1.51156E+13,1.69021E+13,1.75033E+13,1.78052E+13,2.12314E+13,2.15639E+13,2.16444E+13,2.22608E+13,
Early-demographic dividend,EAR,GDP (current US$),NY.GDP.MKTP.CD,1.44722E+11,1.57593E+11,1.59436E+11,1.75994E+11,2.01822E+11,2.18952E+11,2.16878E+11,2.28982E+11,2.49635E+11,2.78946E+11,2.96902E+11,3.19667E+11,3.5271E+11,4.5133E+11,6.32678E+11,6.77326E+11,7.4E+11,8.27432E+11,9.44726E+11,1.11184E+12,1.3825E+12,1.53191E+12,1.46054E+12,1.47401E+12,1.49471E+12,1.49048E+12,1.49803E+12,1.52191E+12,1.60657E+12,1.63426E+12,1.91543E+12,2.0321E+12,2.20797E+12,2.38195E+12,2.50211E+12,2.61683E+12,2.83634E+12,3.02997E+12,2.92128E+12,3.09086E+12,3.3783E+12,3.35182E+12,3.25579E+12,3.62251E+12,4.20973E+12,4.89783E+12,5.60039E+12,6.63105E+12,7.4618E+12,7.17912E+12,8.71972E+12,9.8327E+12,1.02751E+13,1.03303E+13,1.05334E+13,1.01273E+13,1.04232E+13,1.13206E+13,1.14789E+13,1.16866E+13,1.08233E+13,1.2695E+13,1.40347E+13,1.49335E+13,1.58083E+13,
East Asia & Pacific,EAS,GDP (current US$),NY.GDP.MKTP.CD,1.57319E+11,1.58551E+11,1.62277E+11,1.8111E+11,2.07928E+11,2.31441E+11,2.58962E+11,2.81428E+11,3.10918E+11,3.58521E+11,4.12911E+11,4.58861E+11,5.70489E+11,7.51994E+11,8.67697E+11,9.49601E+11,1.04459E+12,1.24484E+12,1.57247E+12,1.70794E+12,1.84768E+12,2.03524E+12,1.9938E+12,2.12225E+12,2.2704E+12,2.39479E+12,3.12949E+12,3.67466E+12,4.41768E+12,4.60103E+12,4.80329E+12,5.4272E+12,5.93283E+12,6.63685E+12,7.42541E+12,8.43454E+12,8.13048E+12,7.77269E+12,6.95595E+12,7.77384E+12,8.41245E+12,7.82646E+12,7.95617E+12,8.75345E+12,9.81968E+12,1.04827E+13,1.11197E+13,1.24375E+13,1.43435E+13,1.47643E+13,1.72393E+13,1.99787E+13,2.13823E+13,2.16593E+13,2.23722E+13,2.22991E+13,2.30897E+13,2.46562E+13,2.68536E+13,2.74273E+13,2.75788E+13,3.16757E+13,3.12663E+13,3.14178E+13,3.20172E+13,
Europe & Central Asia (excluding high income),ECA,GDP (current US$),NY.GDP.MKTP.CD,,,,,,,,,,,,,,,,,,,,,,,,,,,,2.35133E+11,2.60715E+11,2.96012E+11,3.54157E+11,3.41086E+11,3.28451E+11,3.39236E+11,2.65717E+11,3.73845E+11,3.95413E+11,4.20615E+11,4.21386E+11,3.84488E+11,3.91259E+11,3.35649E+11,3.90532E+11,4.98092E+11,6.41341E+11,7.98897E+11,9.29638E+11,1.17154E+12,1.40243E+12,1.16981E+12,1.38508E+12,1.57424E+12,1.65898E+12,1.80869E+12,1.73523E+12,1.51047E+12,1.45017E+12,1.4996E+12,1.47749E+12,1.50868E+12,1.44608E+12,1.68096E+12,1.82024E+12,2.14324E+12,2.45118E+12,
Europe & Central Asia,ECS,GDP (current US$),NY.GDP.MKTP.CD,4.26666E+11,4.69525E+11,5.13406E+11,5.61373E+11,6.20449E+11,6.76604E+11,7.317E+11,7.77321E+11,8.18734E+11,9.07972E+11,1.02081E+12,1.15205E+12,1.38132E+12,1.75715E+12,1.98579E+12,2.31953E+12,2.41137E+12,2.728E+12,3.3443E+12,4.07759E+12,4.60926E+12,4.10576E+12,3.95725E+12,3.83793E+12,3.68952E+12,3.81757E+12,5.20754E+12,6.43175E+12,7.16182E+12,7.2577E+12,8.87088E+12,9.13725E+12,9.78784E+12,8.995E+12,9.40865E+12,1.09422E+13,1.11708E+13,1.06069E+13,1.08026E+13,1.06931E+13,1.00844E+13,1.0189E+13,1.11566E+13,1.35671E+13,1.58148E+13,1.6835E+13,1.82368E+13,2.13083E+13,2.34536E+13,2.06484E+13,2.11187E+13,2.3432E+13,2.25606E+13,2.35741E+13,2.39205E+13,2.06034E+13,2.05284E+13,2.17915E+13,2.33426E+13,2.30675E+13,2.23225E+13,2.55729E+13,2.57987E+13,2.77329E+13,2.92918E+13,
Ecuador,ECU,GDP (current US$),NY.GDP.MKTP.CD,2069464937,1753850955,1518207703,1824343871,2244146103,2387047396,2429308639,2553595172,2582179864,3112165727,2862503139,2754219271,3185986087,3891754150,6599257044,7731674472,9091921030,11026342618,11922497876,14175160902,17881508242,21810759354,19929846396,17152477037,16912509092,17149088413,15314138472,13945426859,13051881851,13890823705,15239272612,16988535268,18094238119,18938717359,22708673337,24432884442,25226393197,28162053027,27981896948,19645272636,17539454727,23127055000,27054197000,30965208000,35194947000,40278849000,45690762000,49848725000,61139438000,60094978000,68151329000,78986648000,87735048000,96570334000,1.02718E+11,97209558000,97671433000,1.04467E+11,1.07479E+11,1.07596E+11,95865473000,1.07179E+11,1.16133E+11,1.21147E+11,1.24676E+11,
"Egypt, Arab Rep.",EGY,GDP (current US$),NY.GDP.MKTP.CD,4206270352,4494575611,4035462027,4187146232,4709245762,4948667540,5278005612,5605484299,5932242991,6524455206,8042200452,8609283346,9299638056,10098534613,9228963225,11632178869,13315988083,14400806876,14811704063,18020571429,21669908176,22136081081,27655172414,30966239814,33971188992,39053502251,41253507951,40455616654,34980124929,39756299050,42978914311,37387836491,41855986519,46578631453,51897983393,60159245060,67629716981,78436578171,84828807556,90710704807,99838543960,96684636119,85146067416,80288461538,78782467532,89660339660,1.07426E+11,1.30438E+11,1.62818E+11,1.89147E+11,2.18984E+11,2.3599E+11,2.79117E+11,2.88434E+11,3.05595E+11,3.29367E+11,3.32442E+11,2.48363E+11,2.62589E+11,3.18679E+11,3.83818E+11,4.24672E+11,4.76748E+11,3.95926E+11,3.8906E+11,
Euro area,EMU,GDP (current US$),NY.GDP.MKTP.CD,2.51618E+11,2.80078E+11,3.09695E+11,3.40786E+11,3.77599E+11,4.12775E+11,4.46518E+11,4.74429E+11,5.09989E+11,5.69735E+11,6.45501E+11,7.31657E+11,8.83627E+11,1.14693E+12,1.30064E+12,1.50777E+12,1.5732E+12,1.79012E+12,2.19188E+12,2.65541E+12,2.97369E+12,2.58376E+12,2.50098E+12,2.4401E+12,2.34111E+12,2.40499E+12,3.3773E+12,4.17753E+12,4.5949E+12,4.69311E+12,5.90562E+12,6.12771E+12,6.75051E+12,6.18049E+12,6.53116E+12,7.54004E+12,7.6295E+12,6.97767E+12,7.17436E+12,7.14886E+12,6.52863E+12,6.6319E+12,7.24186E+12,8.92123E+12,1.0231E+13,1.06118E+13,1.12883E+13,1.30003E+13,1.42957E+13,1.30831E+13,1.27847E+13,1.38086E+13,1.27849E+13,1.33573E+13,1.36821E+13,1.18298E+13,1.21233E+13,1.2842E+13,1.38718E+13,1.35898E+13,1.32676E+13,1.49246E+13,1.44882E+13,1.58548E+13,1.64854E+13,
Eritrea,ERI,GDP (current US$),NY.GDP.MKTP.CD,,,,,,,,,,,,,,,,,,,,,,,,,,,,,,,,,477101651.6,467872714.8,531688311.7,578015625,693535954.2,686490090.1,745523116.9,688918537.1,706370815.6,752371688.7,729321680.2,870248267.6,1109054005,1098424686,1211161880,1317974491,1380188800,1856695551,1589515447,2065001626,,,,,,,,,,,,,,
Spain,ESP,GDP (current US$),NY.GDP.MKTP.CD,12424514014,14238126760,16609632791,19631714760,21966876027,25479619607,29559436183,32570905397,32394326464,37090689288,40963715237,46586119760,59090176029,78583355226,97204522642,1.14695E+11,1.18423E+11,1.32355E+11,1.60485E+11,2.14449E+11,2.32601E+11,2.02663E+11,1.95857E+11,1.70829E+11,1.7198E+11,1.80664E+11,2.51142E+11,3.1852E+11,3.75892E+11,4.14461E+11,5.36175E+11,5.76754E+11,6.30465E+11,5.24701E+11,5.30184E+11,6.1417E+11,6.42251E+11,5.8974E+11,6.18731E+11,6.34395E+11,5.98103E+11,6.27799E+11,7.08938E+11,9.07963E+11,1.06983E+12,1.15467E+12,1.26185E+12,1.47675E+12,1.63612E+12,1.49659E+12,1.42799E+12,1.48757E+12,1.33099E+12,1.36219E+12,1.38024E+12,1.20616E+12,1.24302E+12,1.32175E+12,1.43164E+12,1.4035E+12,1.28978E+12,1.46124E+12,1.44885E+12,1.61948E+12,1.72567E+12,
Estonia,EST,GDP (current US$),NY.GDP.MKTP.CD,,,,,,,,,,,,,,,,,,,,,,,,,,,,,,,,,,4013091682,4123011420,4502970889,4786018988,5154420649,5674080543,5756912266,5686579748,6250218423,7370119619,9876595528,12148595031,14109491357,17025671810,22450264166,24342935404,19633984440,19524355419,23303915795,23237406116,25451032781,27055689003,23311847751,24561027788,27469461919,31222632741,31873748770,31820771494,37201101171,38226641740,41470344395,43130419829,
Ethiopia,ETH,GDP (current US$),NY.GDP.MKTP.CD,1610511694,1680859514,1747566307,1825058828,1984129186,2159998591,2324466416,2461762003,2619948865,2768987372,3045354455,3224280835,3520252938,4070570550,4577209966,4577047854,4943806093,5651840585,6014961435,6586048398,7012585454,7507663567,7899988841,8781664427,8298309581,9717392687,10094328898,10790001558,11181119718,11762932007,12478943895,13799799324,10754799037,9051043870,7100806754,7855205207,8761215548,8803539988,8013274132,7892973532,8242349618,8231326016,7850809498,8623691300,10131187261,12401139454,15280861835,19707616773,27066912635,32437389116,29933790334,31952763089,43310721414,47648276605,55612228234,62103418182,68475871210,76366081767,83337901072,91834517113,98676811061,1.09071E+11,1.2314E+11,1.35874E+11,1.4974E+11,
European Union,EUU,GDP (current US$),NY.GDP.MKTP.CD,2.85152E+11,3.16957E+11,3.50242E+11,3.84747E+11,4.26775E+11,4.67013E+11,5.05529E+11,5.38187E+11,5.77537E+11,6.4449E+11,7.28936E+11,8.23998E+11,9.93808E+11,1.28576E+12,1.45556E+12,1.69469E+12,1.77505E+12,2.01102E+12,2.44923E+12,2.96009E+12,3.3114E+12,2.89005E+12,2.78787E+12,2.71086E+12,2.61266E+12,2.68673E+12,3.75327E+12,4.63961E+12,5.09408E+12,5.20288E+12,6.5057E+12,6.72763E+12,7.3893E+12,6.75081E+12,7.15791E+12,8.29835E+12,8.43361E+12,7.73589E+12,7.9701E+12,7.93611E+12,7.28848E+12,7.40762E+12,8.10043E+12,9.95686E+12,1.14491E+13,1.19543E+13,1.27684E+13,1.47895E+13,1.63645E+13,1.48448E+13,1.46418E+13,1.58747E+13,1.47319E+13,1.53985E+13,1.57636E+13,1.36563E+13,1.39881E+13,1.48713E+13,1.60924E+13,1.58091E+13,1.55041E+13,1.74952E+13,1.70236E+13,1.86591E+13,1.94971E+13,
Fragile and conflict affected situations,FCS,GDP (current US$),NY.GDP.MKTP.CD,34029503593,35534363197,39268957405,44880094682,40614223625,44620716060,47607568997,46953517459,51877513130,58222824529,69337148734,71407461835,82669328911,1.02252E+11,1.53919E+11,1.68821E+11,2.0051E+11,2.21371E+11,2.42768E+11,3.05997E+11,3.8823E+11,5.10372E+11,4.86769E+11,4.20187E+11,3.78001E+11,3.84378E+11,3.54356E+11,3.56313E+11,3.8702E+11,3.83036E+11,5.46007E+11,3.86414E+11,3.44196E+11,3.50712E+11,3.52567E+11,4.30902E+11,4.65761E+11,5.212E+11,5.3518E+11,3.994E+11,4.66929E+11,4.57048E+11,4.46089E+11,4.69848E+11,5.95876E+11,7.56354E+11,9.47253E+11,1.16067E+12,1.48431E+12,1.34262E+12,1.59665E+12,1.66551E+12,1.85587E+12,1.8256E+12,1.78761E+12,1.48166E+12,1.35813E+12,1.44303E+12,1.55621E+12,1.81145E+12,1.61023E+12,1.74034E+12,1.91827E+12,1.77872E+12,1.6529E+12,
Finland,FIN,GDP (current US$),NY.GDP.MKTP.CD,5279481824,5984433774,6407796043,6958916548,7848987793,8680393839,9306142172,9468272357,8916565041,10177524839,11358529162,12528522307,14744499570,19474098335,24851036710,29475251333,31852352670,33502784418,36259392058,44469218440,53649984061,52440066134,52784013815,50956447481,52870993273,55856676899,73511611541,91564993913,1.09039E+11,1.18991E+11,1.41446E+11,1.27794E+11,1.12538E+11,89112105756,1.03183E+11,1.3406E+11,1.31992E+11,1.26863E+11,1.33991E+11,1.35234E+11,1.25968E+11,1.2952E+11,1.40361E+11,1.71613E+11,1.97458E+11,2.04859E+11,2.17044E+11,2.5636E+11,2.85699E+11,2.53481E+11,2.4943E+11,2.75127E+11,2.57443E+11,2.70268E+11,2.73479E+11,2.33211E+11,2.38778E+11,2.53846E+11,2.73869E+11,2.67015E+11,2.7E+11,2.94223E+11,2.80253E+11,2.95022E+11,2.98697E+11,
Fiji,FJI,GDP (current US$),NY.GDP.MKTP.CD,112328422.1,116987784.9,122906435,129454728.6,140032741.5,147084750,150603925.5,162625885.9,166952937.1,182182067.7,219878482.2,247749327.7,316656648.7,425950487.5,558587097.4,684282434.4,694540806.4,719501765.8,829267889.4,1019691460,1202618816,1235626771,1194059943,1123085190,1178000678,1141168944,1290267340,1177947965,1110009523,1182660266,1337017559,1383883250,1532411039,1636101247,1825732093,1970301486,2128696644,2090221137,1653146717,1936459986,1678219508,1652462023,1833279985,2300492465,2708078477,2980403845,3076305453,3378314600,3523185920,2870624636,3140166713,3779411899,3972028104,4189967999,4857104769,4682479894,4930213644,5353469174,5581425327,5344907153,4227719873,4158873156,4977861886,5476673518,5968125909,
France,FRA,GDP (current US$),NY.GDP.MKTP.CD,61959085885,67158050215,75196980365,84227606650,93424179943,1.00928E+11,1.09307E+11,1.18089E+11,1.28711E+11,1.40661E+11,1.47313E+11,1.64694E+11,2.01739E+11,2.61971E+11,2.82739E+11,3.57324E+11,3.68363E+11,4.06402E+11,5.01724E+11,6.08219E+11,6.94529E+11,6.09185E+11,5.78152E+11,5.53356E+11,5.25033E+11,5.47221E+11,7.64947E+11,9.26321E+11,1.01083E+12,1.01674E+12,1.25765E+12,1.25896E+12,1.38966E+12,1.31438E+12,1.38582E+12,1.59522E+12,1.59889E+12,1.44939E+12,1.49691E+12,1.48692E+12,1.36096E+12,1.37038E+12,1.49243E+12,1.8351E+12,2.10979E+12,2.19215E+12,2.31786E+12,2.65582E+12,2.9268E+12,2.70008E+12,2.64623E+12,2.87041E+12,2.68301E+12,2.81608E+12,2.86124E+12,2.44248E+12,2.47041E+12,2.58887E+12,2.78158E+12,2.72279E+12,2.64793E+12,2.96643E+12,2.79479E+12,3.05625E+12,3.16044E+12,
Faroe Islands,FRO,GDP (current US$),NY.GDP.MKTP.CD,,,,,,57954522.42,64397131.08,66225403.56,65186666.67,70106666.67,84933333.33,99219082.85,119335897.8,161236465.8,196771070.9,227404436,270470345.4,347798304.6,397833034.9,448568492.7,493014300,456244919,444047495.3,486605127.7,426008864.7,459307281.2,688914288.9,886508622.3,968576956.9,871935350.4,960805408.9,909253214.8,912670413.3,760957189.8,758739178.6,901404709.8,989536914.7,933763083.4,1104744235,1127684827,1067109531,1160268212,1275093689,1501941581,1724770771,1759739599,2017680835,2339015313,2489873250,2296065170,2331796784,2505740669,2427200389,2690110521,2914012679,2573905971,2813278869,2980057378,3188600927,3266432734,3271813312,3699551717,3615241801,3943131022,4052937170,
"Micronesia, Fed. Sts.",FSM,GDP (current US$),NY.GDP.MKTP.CD,,,,,,,,,,,19885926,21783158,25100928,34821467,46095175,46119184,46813193,47305560,53656834,60270778,64186644,76472529,80055706,84110353,84676118,101931941,112210000,116700000,124700000,135200000,147200000,166200000,178100000,198400000,202500000,219930003.4,216545996.9,204397167.5,216520601.1,217198869.1,229616847.6,236387710.8,237654335.8,240949861.1,235538109.2,245905050.8,248583534.8,252011254.2,258124736.3,274654606.9,290638857.1,306799375.5,322838077.6,312808581.7,313994034,310175057.8,325000000,359000000,392000000,394000000,372902700,391601900,415956900,441469400,471425099.5,
Gabon,GAB,GDP (current US$),NY.GDP.MKTP.CD,141468977.8,167637907.1,182796536.3,154480244.1,215679855.3,226474285.8,245849781.3,271543680,294468564.2,318124701.5,323802475.5,381687072.6,430508358.5,722780701.3,1544216002,2157592940,3009409974,2809349069,2389479272,3030251120,4279637942,3862269121,3618007841,3391275732,3561451561,3339914757,3403638189,3281797043,3834503376,4186411464,5952293765,5402919785,5592390827,4378645081,4190819344,4958845648,5694040003,5326817115,4483417310,4662992036,5080483629,5023265413,5335451100,6511903365,7770219008,9582783991,10327598306,12455409587,15571348344,12113699068,14372593020,18210307744,17170464016,17595744798,18203966896,14383107763,14023890265,14929487485,16867326402,16874405465,15342236164,19444935097,20440655695,19388372071,20895684426,
United Kingdom,GBR,GDP (current US$),NY.GDP.MKTP.CD,73233967692,77741965703,81247564157,86561961812,94407558351,1.01825E+11,1.08573E+11,1.13117E+11,1.0776E+11,1.16465E+11,1.30672E+11,1.48114E+11,1.69965E+11,1.92538E+11,2.06131E+11,2.41757E+11,2.32615E+11,2.63066E+11,3.35883E+11,4.38994E+11,5.64948E+11,5.40766E+11,5.15049E+11,4.89618E+11,4.61487E+11,4.89285E+11,6.01453E+11,7.45163E+11,9.10123E+11,9.26885E+11,1.09317E+12,1.1428E+12,1.17966E+12,1.06139E+12,1.14049E+12,1.34909E+12,1.42529E+12,1.56932E+12,1.66082E+12,1.69346E+12,1.6716E+12,1.65617E+12,1.79054E+12,2.06123E+12,2.42977E+12,2.55136E+12,2.71956E+12,3.1047E+12,2.94525E+12,2.42936E+12,2.49674E+12,2.67559E+12,2.71972E+12,2.79691E+12,3.08536E+12,2.94558E+12,2.70681E+12,2.69912E+12,2.89703E+12,2.87571E+12,2.724E+12,3.19456E+12,3.18124E+12,3.4208E+12,3.68603E+12,
Georgia,GEO,GDP (current US$),NY.GDP.MKTP.CD,,,,,,,,,,,,,,,,,,,,,,,,,,,,7321981334,8833588173,8902632715,7735927264,6324503311,3690328964,2701181331,2513867645,2693732612,3094936177,3510520231,3613497317,2800025883,3057475335,3219462262,3395766678,3991377904,5125365192,6410912050,7745250734,10172931089,12795145131,10766920066,12426907967,15475290469,16894392033,17517660144,17966015109,15223796149,15444548902,16473125375,17902544881,17638337117,16010869216,18853115589,24984568960,30777833601,34189423545,
Ghana,GHA,GDP (current US$),NY.GDP.MKTP.CD,1217230095,1302674325,1382515654,1540797589,1731296200,2053462968,2126300672,1747187645,1666909518,1962050556,2215028588,2417108578,2112293280,3006766758,2894409938,2810106383,2765254237,3189428571,3662478185,4020227920,4445228216,4222441860,4035994398,4057275132,4412279843,4504306723,5735677434,5074829932,5197765032,5251858440,5889106573,6603185268,6416103926,5968922939,5446383727,6464382808,6932991739,6891443192,7482069162,7718109982,4982850662,5314872854,6166197848,7632723556,8881417907,10744568381,20885037597,24827339138,28679383241,26048720006,32197655567,39336668081,41271701061,62845721960,54678533806,49436806230,56144179398,60385409435,67259353966,68352629246,70008243860,79514204730,73919003210,80547146878,82308110386,
Gibraltar,GIB,GDP (current US$),NY.GDP.MKTP.CD,,,,,,,,,,,,,,,,,,,,,,,,,,,,,,,,,,,,,,,,,,,,,,,,,,,,,,,,,,,,,,,,,,
Guinea,GIN,GDP (current US$),NY.GDP.MKTP.CD,,,,,,,,,,,3220224608,3594302908,4203069035,5152080388,5691417541,6102769605,6762781871,6914381291,8087305999,8877094497,9746524915,9646440667,11926032493,15129893722,18421497251,22787644566,2909130355,2976714019,3476480303,3546079263,3888320666,4396178694,4789220417,4781166117,4932800407,5385704166,5641243100,5516916163,5232118046,5046806783,4367458867,4125527603,4301608753,5025167975,5300767961,4282468637,4220019845,6281918226,6964179983,6716905340,6853467146,6785137203,7638044557,8376613539,8778473373,8794201743,8595955222,10324668271,11857030367,13442861496,14088693743,17069115738,19910452542,22407615556,25008678293,
"Gambia, The",GMB,GDP (current US$),NY.GDP.MKTP.CD,,,,,,,44212081.35,46695006.96,41160065.86,45168072.27,52296083.67,55728663.22,59160569.48,75187749.1,95796021.69,115179719.1,112190829.5,138093099.1,171833086,207112627.7,241083090.3,218767743.5,216050552.3,213448584.9,177340880.1,225726358.9,185646986.8,220626484.2,266672211.9,284120329.4,317083695.5,690311080.5,714254256.1,755040974.1,746493951.9,785999864.8,848239446.2,803633342.5,840285264.6,814724032.1,782913871.8,687410645.1,578235309.3,487038685,961900651.4,1027701068,1054112488,1279703047,1561766956,1450142509,1543294927,1409693597,1415004738,1375609453,1229461721,1378176609,1484578886,1504909463,1670671328,1813609692,1812170891,2014158842,2204734528,2382262185,2404888749,
Guinea-Bissau,GNB,GDP (current US$),NY.GDP.MKTP.CD,,,,,,,,,,,204670550.8,204167296.9,227986203.3,232331281.4,256769730.3,283311996.8,292152321.5,298871674.9,318876550.4,308143183.3,287648258.3,402230865.2,430284021.9,425225176.8,359980490.7,373959151.1,338524232.6,451893375,427514321.5,554072302.8,634187269.2,668470890.8,588309271.3,615779518.8,612502084.8,660195402,702965147.6,698107222.4,591034143.4,579365780.1,391345597.5,412610871.5,466773711.2,553614800.1,582169841.3,639776040.7,634781901.3,753162998,952667544,890167833.4,940112538.9,1157074319,1049412177,1109682824,1135250721,1152384167,1245074264,1469978606,1554133594,1596227316,1705057581,1908094558,1859601384,2127688181,2218393805,
Equatorial Guinea,GNQ,GDP (current US$),NY.GDP.MKTP.CD,,,37253333.33,44266666.67,51915000,64748333.33,69110000,72317446.93,67514285.71,67225714.29,66331428.57,64946954.76,65429198.24,81203226.91,94159862.71,104295643.4,103653049.9,103987520.1,,,50642880.77,36731422.85,44294647.73,44442456.95,50320914.41,62118569.97,76407395.87,93345859.53,100534656.9,88265974.86,112119411.5,110906028.5,134707183.8,136047906.2,100807002.5,141853360.9,232463022.8,442337870.7,370687634.4,621117885.7,1045998496,1461139022,1806742742,2484745935,4410764339,8217369093,10086528699,13071718759,19749893536,15027795173,16314443436,21357343669,22388344144,21948834284,21765453082,13185496881,11240808848,12200913879,13097012134,11364133550,9893816008,12215878033,13687643436,12337550584,12765777677,
Greece,GRC,GDP (current US$),NY.GDP.MKTP.CD,4274890307,4892397431,5140542929,5813285627,6576906345,7582209670,8472021467,9146592856,9950331206,11454106327,12957113636,14388806818,16650659091,22037019563,24998715909,28129128587,30719552239,35673080481,43654480519,53724121435,56039256595,51618456335,53858346939,48741397059,47352146312,47155741426,55595445472,64739630096,75200610137,78067933277,96529587274,1.03681E+11,1.14608E+11,1.07296E+11,1.1498E+11,1.34975E+11,1.42503E+11,1.38766E+11,1.39613E+11,1.37131E+11,1.2576E+11,1.3205E+11,1.50254E+11,1.96931E+11,2.3498E+11,2.42316E+11,2.69073E+11,3.14227E+11,3.51121E+11,3.26829E+11,2.96418E+11,2.83228E+11,2.38841E+11,2.36556E+11,2.33912E+11,1.94567E+11,1.93097E+11,2.00381E+11,2.13299E+11,2.07306E+11,1.91363E+11,2.18304E+11,2.1799E+11,2.42946E+11,2.56238E+11,
Grenada,GRD,GDP (current US$),NY.GDP.MKTP.CD,,,,,,,,,,,,,,,,,,71494495.19,88322386.3,102244362.2,110900457,115651918.9,125435590,131803552.2,145533310.7,167728455.2,187589522.6,215009569.6,236357523.7,267327642.2,278098763,300757888.9,310160444.4,309812185.2,325111814.8,342172518.5,366911444.4,392190592.6,445903592.6,482009370.4,520044370.4,520444185.2,540336925.9,591018407.4,599118592.6,695555555.6,698700666.7,758683592.6,825976037,771275555.6,771014814.8,778655555.6,799881481.5,842618518.5,911496296.3,997007407.4,1061640741,1125685185,1166514815,1213485185,1043411111,1122222222,1224007407,1336418519,1371918519,
Greenland,GRL,GDP (current US$),NY.GDP.MKTP.CD,,,,,,,,,,,69520026.67,88466738.25,106101297.8,140153748.2,169918948.6,211190630.3,240779417.8,282269749.2,355987433.4,420645821.5,476051740.8,435748993.4,402403041,416184071,379371901.5,412876382.8,603016292.7,787390409,898607670.6,929799902.2,1018977280,1016500069,1037916163,927214151.8,1005887539,1208953287,1197515569,1072154434,1149858070,1131555107,1068025016,1086170704,1169136716,1558759823,1822499769,1849802648,2013106930,2249811296,2499092314,2529963903,2503167187,2684461375,2609678486,2684946990,2842065708,2499113023,2707139544,2851613679,3055782146,2997309972,3089625554,3293578468,3152334772,3326543974,,
Guatemala,GTM,GDP (current US$),NY.GDP.MKTP.CD,1043599900,1076699900,1143600000,1262800000,1299099900,1331399900,1390700000,1453500000,1610500000,1715399900,1904000000,1984800000,2101300000,2569200100,3161499900,3645900000,4365300200,5480500200,6070600200,6902600200,7878700000,8607500300,8716999700,9050000400,9470000100,9721652087,7231963516,7084399840,7841602824,8410724361,7650196845,9406135143,10440781588,11400017301,12983233311,14655404433,15674835615,17790026222,19395491993,18318412251,19288929030,18405220247,20444205991,21576351799,23577298095,26783389294,29744246827,33567850824,38503720224,37126148265,40676578423,46876006272,49593929487,52996420177,57852159008,62186066548,66053408206,71653780740,73328356008,77172331693,77719468248,86455522273,95641446501,1.04369E+11,1.132E+11,
Guam,GUM,GDP (current US$),NY.GDP.MKTP.CD,,,,,,,,,,,,,,,,,,,,,,,,,,,,,,,,,,,,,,,,,,,3394000000,3569000000,3869000000,4213000000,4238000000,4397000000,4658000000,4828000000,4949000000,4984000000,5265000000,5399000000,5610000000,5799000000,5901000000,6013000000,6051000000,6355000000,5916000000,6234000000,6910000000,,,
Guyana,GUY,GDP (current US$),NY.GDP.MKTP.CD,170216241.1,185849535.4,194949512.6,175757893.9,194774513.1,213235294.1,228705882.4,250176470.6,229750000,249300000,267800000,282050000,285380952.4,307047619,433954545.5,494791666.7,454440000,449880000,507080000,530440000,603200000,570357107.1,482000000,489333333.3,437631605.3,453488372.1,504651139.5,354591846.9,413799990,379779389.7,396582263.3,348533094.8,373573141.5,454101382.5,540874934.2,621626785.9,705406001.4,749138009.6,717530683.2,694754988.3,712667896.7,712167450.2,726131434.7,743063950.3,787814379.2,824880550.3,2379817991,2730971595,3025187433,3165663153,3432912517,3691384318,4063088536,4167800929,4127660152,4279840194,4482697337,4748174334,4787636998,5173760192,5471256595,8041362110,14718388489,16918503597,24662709832,
High income,HIC,GDP (current US$),NY.GDP.MKTP.CD,1.09343E+12,1.16623E+12,1.26114E+12,1.35648E+12,1.48259E+12,1.6115E+12,1.76338E+12,1.88377E+12,2.04331E+12,2.25216E+12,2.47235E+12,2.74679E+12,3.19054E+12,3.87042E+12,4.37749E+12,4.8842E+12,5.31943E+12,6.02208E+12,7.22925E+12,8.35573E+12,9.32837E+12,9.4698E+12,9.37604E+12,9.68629E+12,1.00987E+13,1.05968E+13,1.28713E+13,1.49233E+13,1.67964E+13,1.74944E+13,1.95926E+13,2.06768E+13,2.21418E+13,2.22996E+13,2.38528E+13,2.64749E+13,2.66893E+13,2.6256E+13,2.62132E+13,2.74569E+13,2.80954E+13,2.78713E+13,2.90878E+13,3.26536E+13,3.64796E+13,3.874E+13,4.11255E+13,4.52592E+13,4.85115E+13,4.51216E+13,4.7537E+13,5.1762E+13,5.19437E+13,5.26671E+13,5.35501E+13,4.99776E+13,5.0928E+13,5.35241E+13,5.69206E+13,5.74562E+13,5.58897E+13,6.27453E+13,6.50813E+13,6.84496E+13,7.13211E+13,
"Hong Kong SAR, China",HKG,GDP (current US$),NY.GDP.MKTP.CD,1320796652,1383681651,1612346412,1935298266,2206466461,2435078534,2489845017,2692474989,2716964388,3189740055,3800766536,4476001946,5710090213,8030117556,9388695367,10048089558,12876366009,15719433719,18315136409,22526184533,28861857811,31055226089,32291215844,29907227184,33511383986,35699772166,41075396885,50622896163,59707404561,68790219178,76928784621,88959997900,1.04273E+11,1.20354E+11,1.35812E+11,1.44652E+11,1.59718E+11,1.77353E+11,1.68885E+11,1.65768E+11,1.71669E+11,1.69404E+11,1.66349E+11,1.61386E+11,1.691E+11,1.81569E+11,1.93535E+11,2.11597E+11,2.19279E+11,2.14048E+11,2.28639E+11,2.48514E+11,2.62629E+11,2.75697E+11,2.9146E+11,3.09386E+11,3.2086E+11,3.41273E+11,3.61731E+11,3.63075E+11,3.44943E+11,3.68954E+11,3.5868E+11,3.81043E+11,4.06863E+11,
Honduras,HND,GDP (current US$),NY.GDP.MKTP.CD,475650000,503300000,532450000,553500000,591100000,651050000,692150000,750950000,815450000,844400000,904400000,958450000,1030645362,1128299436,1243000000,1330050000,1589300000,1900700000,2393650000,2778900000,3184400000,3501800000,3619500000,3840550000,4029900000,4328300000,4706100000,5024800000,4892660944,4375896552,3734460117,3699381195,4122846905,4190773622,4105686899,4672346194,4798834459,5569178707,6163707533,6394090592,7186638029,7651162302,7858255413,8230391347,8869299234,9757012697,10917477066,12361257681,13881731876,14587496229,15839344592,17710275685,18528554398,18499729215,19756533972,20979791685,21717604952,23136247991,24067750760,24882225742,23352232484,28144331507,31426041807,34355805528,37093565854,
Heavily indebted poor countries (HIPC),HPC,GDP (current US$),NY.GDP.MKTP.CD,21923722128,22627709232,24599541749,28893534516,26878565172,30407034660,32971073893,32488675064,34994461970,38503260469,37181536760,40099504489,44564788726,54553562932,64257354957,72350863416,77585497906,89885368489,1.04622E+11,1.1493E+11,1.2726E+11,1.2791E+11,1.29278E+11,1.28222E+11,1.30636E+11,1.37197E+11,1.26219E+11,1.34509E+11,1.41558E+11,1.44132E+11,1.65447E+11,1.80013E+11,1.36845E+11,1.42051E+11,1.21514E+11,1.41396E+11,1.54689E+11,1.61933E+11,1.67621E+11,1.68431E+11,1.8193E+11,1.7588E+11,1.90891E+11,2.1661E+11,2.49571E+11,2.88591E+11,3.38993E+11,4.04372E+11,4.81624E+11,4.75214E+11,5.18754E+11,5.73518E+11,5.95155E+11,6.67314E+11,7.05466E+11,6.74607E+11,6.77201E+11,7.35068E+11,7.90374E+11,8.11372E+11,8.16029E+11,9.24417E+11,1.0025E+12,1.06032E+12,1.14511E+12,
Croatia,HRV,GDP (current US$),NY.GDP.MKTP.CD,,,,,,,,,,,,,,,,,,,,,,,,,,,,,,,25650213280,18760386775,10621169291,11259647874,15062911617,22772394547,24150978347,24175764812,25890228430,23777026779,22134411297,23066883850,26757722429,35245317002,41836292157,45013119282,49583544860,59290621398,68472854617,62315996675,58975205417,62889007657,57548115904,59846265182,59606934501,50998893385,52650714172,56182782586,61667925219,61466721186,57959843541,69002365163,71196498671,85624153964,92983810329,
Haiti,HTI,GDP (current US$),NY.GDP.MKTP.CD,273187200,271066000,281896800,294883400,325281200,353251800,368948600,369124200,367968800,391820400,331200000,362800000,371998958.4,466798973,565399321.5,681400000,879000000,947000000,974200000,1080600000,1383800000,1479400000,1474200000,1623600000,1816200000,2009400000,2318000000,2047200000,2613926800,2736243800,3096289800,3473562628,2257129792,1878253767,2167569046,2813313279,2907517604,3338949152,3723903724,4153725884,6813566099,6331970324,6205847214,5071947798,6087360684,7030149730,7638739123,9228637768,10432962635,11597002835,11859312725,13008746039,13708925477,14902488604,15146883498,14849629309,14069277526,15093357161,16403864618,15016090930,14508222518,20944387976,20253551921,19850585722,25224154991,
Hungary,HUN,GDP (current US$),NY.GDP.MKTP.CD,,,,,,,,,4886222555,5429812387,5780929203,6291568221,7379313742,9138292402,10016338179,11420392515,13235612079,14783674055,17286744154,19959731325,23116977148,23705883892,24141667188,21910365258,21242726264,21510643750,24778163812,27232016527,29799838597,30422508938,34478360679,34867307353,38857339125,40256233360,43307949890,46577614589,46833767124,47398564799,48784412624,49160204397,47275954429,53800068066,67636468625,85190469121,1.04015E+11,1.13098E+11,1.15604E+11,1.40123E+11,1.58228E+11,1.30807E+11,1.31899E+11,1.41713E+11,1.2847E+11,1.35646E+11,1.41129E+11,1.25244E+11,1.28984E+11,1.43335E+11,1.61185E+11,1.64937E+11,1.58468E+11,1.83283E+11,1.77003E+11,2.1324E+11,2.22723E+11,
IBRD only,IBD,GDP (current US$),NY.GDP.MKTP.CD,3.06261E+11,3.10009E+11,3.13911E+11,3.46366E+11,3.92564E+11,4.30309E+11,4.44621E+11,4.57224E+11,4.84483E+11,5.40875E+11,5.88894E+11,6.41994E+11,7.23737E+11,9.38398E+11,1.18747E+12,1.28231E+12,1.39194E+12,1.57737E+12,1.74391E+12,2.0374E+12,2.41891E+12,2.59858E+12,2.56051E+12,2.52927E+12,2.61901E+12,2.71987E+12,2.82385E+12,2.90986E+12,3.11072E+12,3.24115E+12,3.64593E+12,3.5336E+12,3.6917E+12,3.93067E+12,4.33687E+12,4.98784E+12,5.44387E+12,5.77506E+12,5.55006E+12,5.40848E+12,5.88613E+12,5.97161E+12,6.06578E+12,6.81415E+12,8.11739E+12,9.69475E+12,1.15012E+13,1.42875E+13,1.71444E+13,1.66437E+13,2.0237E+13,2.39529E+13,2.54598E+13,2.67843E+13,2.7549E+13,2.59376E+13,2.6133E+13,2.88487E+13,3.07368E+13,3.13771E+13,3.0204E+13,3.58793E+13,3.79433E+13,3.92483E+13,4.09304E+13,
IDA & IBRD total,IBT,GDP (current US$),NY.GDP.MKTP.CD,3.51708E+11,3.58253E+11,3.66133E+11,4.04105E+11,4.48836E+11,4.93478E+11,5.1316E+11,5.26614E+11,5.5802E+11,6.2347E+11,6.8089E+11,7.34109E+11,8.21457E+11,1.0498E+12,1.33459E+12,1.45792E+12,1.5743E+12,1.77463E+12,1.96781E+12,2.29303E+12,2.72403E+12,3.04846E+12,2.98746E+12,2.89134E+12,2.95442E+12,3.06563E+12,3.12983E+12,3.22637E+12,3.44366E+12,3.57594E+12,4.02362E+12,3.94058E+12,4.05523E+12,4.31283E+12,4.7327E+12,5.46865E+12,5.99803E+12,6.35535E+12,6.15379E+12,5.86097E+12,6.40516E+12,6.48481E+12,6.61883E+12,7.43804E+12,8.84694E+12,1.05439E+13,1.25158E+13,1.54784E+13,1.85639E+13,1.80274E+13,2.18351E+13,2.57573E+13,2.73635E+13,2.88556E+13,2.97788E+13,2.81038E+13,2.82863E+13,3.11177E+13,3.31476E+13,3.40782E+13,3.28228E+13,3.87413E+13,4.10185E+13,4.21765E+13,4.38232E+13,
IDA total,IDA,GDP (current US$),NY.GDP.MKTP.CD,43419063136,45877820664,49352987755,54556943165,53949854635,60415096599,65247708355,66154805083,70107106201,78701759386,87493635542,88539617604,94690827264,1.09975E+11,1.44311E+11,1.69844E+11,1.77486E+11,1.93294E+11,2.1854E+11,2.50377E+11,2.98604E+11,4.23178E+11,4.03272E+11,3.4832E+11,3.27545E+11,3.38015E+11,3.06448E+11,3.16801E+11,3.34042E+11,3.35572E+11,3.78602E+11,4.08936E+11,3.645E+11,3.83118E+11,3.96482E+11,4.81965E+11,5.55978E+11,5.82076E+11,6.06352E+11,4.52394E+11,5.19434E+11,5.13449E+11,5.53708E+11,6.24669E+11,7.30301E+11,8.49794E+11,1.01542E+12,1.19097E+12,1.41949E+12,1.38369E+12,1.59809E+12,1.8044E+12,1.90378E+12,2.07132E+12,2.22979E+12,2.16615E+12,2.15324E+12,2.26899E+12,2.41082E+12,2.70116E+12,2.61882E+12,2.86202E+12,3.07516E+12,2.92826E+12,2.89279E+12,
IDA blend,IDB,GDP (current US$),NY.GDP.MKTP.CD,12401501562,13314688265,14222416056,15145197245,16626632979,17977186458,19605545864,19795254778,21047483665,23960732154,32356563895,30392833456,34167082609,37107988873,52754115654,61046682875,73441255543,79020486261,87129172585,1.06209E+11,1.34447E+11,2.4548E+11,2.24352E+11,1.71851E+11,1.48715E+11,1.4936E+11,1.38016E+11,1.42226E+11,1.48184E+11,1.43853E+11,1.5902E+11,1.70036E+11,1.65356E+11,1.75245E+11,1.90983E+11,2.6731E+11,3.28495E+11,3.4404E+11,3.6089E+11,2.03538E+11,2.4429E+11,2.43968E+11,2.67622E+11,3.0294E+11,3.65116E+11,4.28329E+11,5.26646E+11,6.0984E+11,7.14772E+11,6.69158E+11,7.80581E+11,8.88614E+11,9.829E+11,1.07151E+12,1.16458E+12,1.10489E+12,1.03576E+12,1.0647E+12,1.12528E+12,1.35444E+12,1.25845E+12,1.36936E+12,1.45688E+12,1.27253E+12,1.11741E+12,
Indonesia,IDN,GDP (current US$),NY.GDP.MKTP.CD,,,,,,,,5667756628,7076465300,8337423313,9150684932,9333536370,10997590361,16273253012,25802409639,30463855422,37269156627,45808915663,51455719076,51400186343,72482337397,85518233419,90158449295,81052283384,84853700028,85289488375,79954072545,75929617558,84300174486,94451427877,1.06141E+11,1.16622E+11,1.28027E+11,1.58007E+11,1.76892E+11,2.02132E+11,2.2737E+11,2.15749E+11,95445547873,1.40001E+11,1.65021E+11,1.60447E+11,1.95661E+11,2.34772E+11,2.56837E+11,2.85869E+11,3.64571E+11,4.32217E+11,5.10229E+11,5.3958E+11,7.55094E+11,8.92969E+11,9.1787E+11,9.12524E+11,8.90815E+11,8.60854E+11,9.31877E+11,1.01562E+12,1.04227E+12,1.1191E+12,1.05905E+12,1.18651E+12,1.3191E+12,1.37117E+12,1.3963E+12,
IDA only,IDX,GDP (current US$),NY.GDP.MKTP.CD,32210089126,33770973574,36454084444,41013144249,38511156901,43922137299,47199466538,47958244720,50737955948,56549175848,55838238709,59166992867,61397002691,74218080664,92798583949,1.10395E+11,1.04542E+11,1.14933E+11,1.32428E+11,1.44547E+11,1.6366E+11,1.71044E+11,1.73616E+11,1.74262E+11,1.78151E+11,1.88346E+11,1.67903E+11,1.74072E+11,1.85616E+11,1.92291E+11,2.2076E+11,2.40281E+11,1.99753E+11,2.08451E+11,2.05686E+11,2.13387E+11,2.25164E+11,2.35602E+11,2.4282E+11,2.49682E+11,2.75642E+11,2.69902E+11,2.8641E+11,3.22064E+11,3.65261E+11,4.21453E+11,4.88334E+11,5.8084E+11,7.04715E+11,7.1453E+11,8.17514E+11,9.15782E+11,9.20881E+11,9.9981E+11,1.0652E+12,1.06126E+12,1.11748E+12,1.20428E+12,1.28554E+12,1.34672E+12,1.36037E+12,1.49266E+12,1.61828E+12,1.65573E+12,1.77538E+12,
Isle of Man,IMN,GDP (current US$),NY.GDP.MKTP.CD,,,,,,,,,,,,,,,,,,,,,,,,,251195796.8,256330852.2,356287012.6,459975486.2,584702952.7,617619437.2,761514559.7,821507936.5,854849069.8,765647870.4,833255280.1,922269212.6,1007205928,1178261297,1385124213,1573742113,1601050083,1668684324,1891002698,2252620408,2802206152,3032411027,3422733202,4466350656,5928791505,5486921247,5920369790,6565667053,6690228372,7001175623,7708454412,7084800892,6846377563,6979788334,7491649456,7314967866,6684225641,7931193222,7431257411,,,
India,IND,GDP (current US$),NY.GDP.MKTP.CD,37029883876,39232435784,42161481858,48421923459,56480289941,59556105229,45581230504,50134942204,53085455871,58447995017,62422483055,67351404352,71464700667,85517673173,99526597934,98473832017,1.02716E+11,1.21487E+11,1.37302E+11,1.52995E+11,1.86329E+11,1.93491E+11,2.00716E+11,2.18262E+11,2.12158E+11,2.32512E+11,2.48986E+11,2.79034E+11,2.9659E+11,2.96042E+11,3.20979E+11,2.70105E+11,2.88208E+11,2.79296E+11,3.27275E+11,3.60282E+11,3.92897E+11,4.15868E+11,4.21351E+11,4.58821E+11,4.68396E+11,4.8544E+11,5.14939E+11,6.07701E+11,7.09153E+11,8.20384E+11,9.4026E+11,1.21674E+12,1.1989E+12,1.34189E+12,1.67562E+12,1.82305E+12,1.82764E+12,1.85672E+12,2.03913E+12,2.10359E+12,2.2948E+12,2.65147E+12,2.70293E+12,2.83561E+12,2.67485E+12,3.16727E+12,3.34611E+12,3.63849E+12,3.90989E+12,
Not classified,INX,GDP (current US$),NY.GDP.MKTP.CD,,,,,,,,,,,,,,,,,,,,,,,,,,,,,,,,,,,,,,,,,,,,,,,,,,,,,,,,,,,,,,,,,,
Ireland,IRL,GDP (current US$),NY.GDP.MKTP.CD,1998550222,2151772980,2329372972,2505073358,2851091646,3035655794,3198820904,3445739915,3378701147,3902721632,4395995086,5098250287,6318060582,7481173066,7896860615,9483808362,9453756015,11248340431,14647996074,18319334300,21747855640,20670190138,21474752962,20766047764,20106648455,21270013326,28714571852,33920518493,37772896221,39238392678,49305632408,49787501584,55918538121,52417477614,57097656066,69139823232,75790786290,82856648758,90199410116,98893958263,1.00208E+11,1.09347E+11,1.28596E+11,1.64671E+11,1.94372E+11,2.11877E+11,2.32181E+11,2.70079E+11,2.75447E+11,2.36443E+11,2.21733E+11,2.40976E+11,2.26922E+11,2.42924E+11,2.6649E+11,3.02101E+11,3.05431E+11,3.48355E+11,3.9578E+11,4.07212E+11,4.36009E+11,5.30394E+11,5.48342E+11,5.67373E+11,6.09157E+11,
"Iran, Islamic Rep.",IRN,GDP (current US$),NY.GDP.MKTP.CD,4199134390,4426949095,4693566416,4928628018,5379845648,6197319929,6789938672,7555383690,8623172960,9743089607,10976245154,13731802833,17153463263,27081698250,46209092072,51776222350,68055295081,80600122702,77994316621,90391877326,94362275580,1.00499E+11,1.25949E+11,1.56365E+11,1.62277E+11,1.80184E+11,2.09095E+11,1.3401E+11,1.23058E+11,1.20496E+11,1.24813E+11,1.31638E+11,1.19769E+11,63743623232,71841461173,96419225744,1.20404E+11,1.13919E+11,1.10277E+11,1.13848E+11,1.09592E+11,1.26879E+11,1.28627E+11,1.51911E+11,1.87755E+11,2.2497E+11,2.65602E+11,3.49737E+11,4.06071E+11,4.14059E+11,4.8707E+11,6.29082E+11,6.44019E+11,5.004E+11,4.62285E+11,4.09192E+11,4.78618E+11,5.1024E+11,4.11903E+11,3.47988E+11,2.80934E+11,4.07351E+11,4.22662E+11,4.5751E+11,4.75252E+11,
Iraq,IRQ,GDP (current US$),NY.GDP.MKTP.CD,1537252193,1671960965,1784174541,1805901510,2136408198,2335785506,2530306096,2551522656,2896598841,3007758797,3281318687,3865346535,4113848002,5134367778,11516762614,13458516763,17754825601,19838130715,23762275652,37816457839,52569000000,37823000000,42382333333,40712903226,46938387097,48425161290,47264516129,56774193548,62684516129,65831935484,1.80408E+11,407796349.7,553671957.7,1031944881,3991349283,12894029888,10433698621,20764857056,20617405044,36881601584,48364250944,36176430129,32928454672,21921569479,36633669269,50065104668,65147051918,88837057320,1.31614E+11,1.11658E+11,1.38517E+11,1.8575E+11,2.18002E+11,2.34638E+11,2.28416E+11,1.66774E+11,1.66744E+11,1.87218E+11,2.27367E+11,2.33636E+11,1.80899E+11,2.09692E+11,2.87372E+11,2.68881E+11,2.79641E+11,
Iceland,ISL,GDP (current US$),NY.GDP.MKTP.CD,260984498.8,266711460.2,299309938.1,357240895.7,456206298.8,550150988,660663763.3,652609075.7,498365199.7,435659609.9,545115909.1,693679545.5,869002945.8,1194794186,1568154077,1456052700,1727845419,2285707749,2599627089,2953176971,3499616683,3615094820,3318714326,2862634164,2964568006,3088359967,4129080094,5713281235,6320093411,5870854233,6694851159,7151260062,7328497599,6435952174,6612804056,7372640169,7686566105,7716781803,8637732542,9107644691,9140168922,8323401820,9416199700,11564687742,13963943244,17146410561,17671649843,21960110030,18247921360,13212543838,13922711577,15394005872,14943757823,16244319959,18052183515,17700486957,21083713310,25060086488,26677652544,24985687022,22034665041,26234872402,29166102877,31677891897,33255181469,
Israel,ISR,GDP (current US$),NY.GDP.MKTP.CD,3070585807,3708586471,2966154031,3535949089,4024344853,4329084429,4703300098,4762386783,5458427928,6297852761,7406712876,7052544000,9222557539,11902574259,17172607138,16141767373,15956349550,18257113904,17701286907,22609741060,25395256478,26882009819,29255285401,32675755462,30645607293,28905736367,35834154874,43049543635,52650948910,52443479454,62016729541,70998755007,79457685757,79855877174,90740103829,1.05497E+11,1.15117E+11,1.1946E+11,1.20547E+11,1.21417E+11,1.36512E+11,1.35002E+11,1.25332E+11,1.31409E+11,1.40048E+11,1.4752E+11,1.58901E+11,1.84681E+11,2.21232E+11,2.13403E+11,2.39679E+11,2.68095E+11,2.63589E+11,2.98478E+11,3.15017E+11,3.03469E+11,3.21941E+11,3.58452E+11,3.76299E+11,4.00645E+11,4.10768E+11,4.89852E+11,5.25181E+11,5.12185E+11,5.4038E+11,
Italy,ITA,GDP (current US$),NY.GDP.MKTP.CD,42012422612,46649487320,52413872628,60035924618,65720771779,70717012186,76622444787,84401995573,91485448148,1.00997E+11,1.13657E+11,1.2496E+11,1.45595E+11,1.75897E+11,2.00024E+11,2.28221E+11,2.25235E+11,2.5819E+11,3.15784E+11,3.94585E+11,4.78357E+11,4.31696E+11,4.28257E+11,4.44063E+11,4.38897E+11,4.5326E+11,6.41862E+11,8.0757E+11,8.93664E+11,9.30802E+11,1.18395E+12,1.24909E+12,1.3232E+12,1.06741E+12,1.10175E+12,1.17737E+12,1.31478E+12,1.24499E+12,1.27273E+12,1.255E+12,1.14966E+12,1.17204E+12,1.28175E+12,1.58293E+12,1.81281E+12,1.86498E+12,1.95856E+12,2.22252E+12,2.41751E+12,2.20948E+12,2.14494E+12,2.30697E+12,2.09793E+12,2.15323E+12,2.17326E+12,1.84543E+12,1.88711E+12,1.97072E+12,2.09944E+12,2.01961E+12,1.90748E+12,2.17921E+12,2.10407E+12,2.31673E+12,2.38083E+12,
Jamaica,JAM,GDP (current US$),NY.GDP.MKTP.CD,699064380.4,748043500.8,777727688.9,826706669.3,897949000.8,972159611.1,1096759561,1148014311,1083839133,1191239047,1404720442,1539861816,1875146587,1905917553,2375122375,2860442750,2966042856,3249733140,2644527822,2425064229,2679379372,2979027966,3293496312,3619262277,2373564549,2100239019,2754549582,3287007322,3828342820,4404937853,4592208087,4106207649,3535460090,5440075676,5452558947,6577520643,7393891921,8400041724,8787195622,8887057997,9005064475,9194727831,9719009495,9430234811,10174664854,11243865778,11930179090,12799600047,13709401520,12120458115,13220549908,14444661522,14807086556,14264205153,13899217680,14963589916,14898999754,15783583237,16855447986,17026269263,15000214216,15963885376,18813516805,21418804320,22014397090,
Jordan,JOR,GDP (current US$),NY.GDP.MKTP.CD,,,,,,599759760.1,657999736.8,631679747.3,561119775.6,698879720.4,639519744.2,678159728.7,788479684.6,943783839.7,1197483949,1363073498,1708521219,2096778602,2602208589,3271368781,3910044474,4383944703,4681240993,4920692191,4967162160,4993601520,6402050485,6756209762,6277451829,4221373674,4160087508,4344467193,5310833194,5606400222,6236295978,6727597032,6927503526,7245839210,7912270804,8149929478,8460789845,8975814653,9582510578,10195627645,11411706629,12588998590,15056981664,17110437236,22658715989,24537876056,27133804225,29524149155,31634561690,34454440141,36847643521,38587017887,39892551127,41608435915,43370860704,44503006338,43700383099,46296100141,48764963380,51088476338,53352289577,
Japan,JPN,GDP (current US$),NY.GDP.MKTP.CD,47419238274,57266758180,64987857542,74379284603,87490590818,97338107606,1.13047E+11,1.32476E+11,1.56897E+11,1.84299E+11,2.17224E+11,2.45364E+11,3.24934E+11,4.41461E+11,4.90036E+11,5.32861E+11,5.98884E+11,7.37069E+11,1.03561E+12,1.07791E+12,1.12938E+12,1.24522E+12,1.15873E+12,1.27086E+12,1.34582E+12,1.42702E+12,2.12008E+12,2.58075E+12,3.12572E+12,3.10946E+12,3.1859E+12,3.64807E+12,3.9807E+12,4.53694E+12,4.9988E+12,5.54556E+12,4.92339E+12,4.49245E+12,4.09836E+12,4.63598E+12,4.96836E+12,4.37471E+12,4.18285E+12,4.51956E+12,4.89312E+12,4.83147E+12,4.60166E+12,4.57975E+12,5.10668E+12,5.28949E+12,5.75907E+12,6.23315E+12,6.27236E+12,5.21233E+12,4.89699E+12,4.44493E+12,5.00368E+12,4.93084E+12,5.04088E+12,5.11799E+12,5.05407E+12,5.03915E+12,4.26246E+12,4.21317E+12,4.0276E+12,
Kazakhstan,KAZ,GDP (current US$),NY.GDP.MKTP.CD,,,,,,,,,,,,,,,,,,,,,,,,,,,,,,,26932016270,24923076923,24917355372,23409260880,21250792886,20374302652,21035357937,22165932063,22135245507,16870817182,18291990662,22152689180,24636598527,30833692900,43151647003,57123671734,81003864630,1.0485E+11,1.33442E+11,1.15309E+11,1.48047E+11,1.92626E+11,2.07999E+11,2.36635E+11,2.21416E+11,1.84388E+11,1.37278E+11,1.66806E+11,1.7934E+11,1.81667E+11,1.71082E+11,1.97112E+11,2.25496E+11,2.6184E+11,2.9148E+11,
Kenya,KEN,GDP (current US$),NY.GDP.MKTP.CD,791265459.5,792959472.8,868111400.8,926589349.4,998759334.5,997919320.8,1164519674,1232559507,1353295459,1458379417,1603447359,1778391289,2107279157,2509001324,2969958812,3259345083,3474542392,4494378764,5303735111,6234391113,7265315820,6854491706,6431579357,5979198314,6191437070,6135034214,7239126568,7970820369,8355380879,8283114514,8572359038,8151488783,8209120763,5751786643,7148148564,9046320255,12045865396,13115764358,14093998844,12896010459,12705350098,12986007426,13147736899,14904517650,16095337094,18737895513,25825512284,31958195182,35895153328,42347217913,45405615064,46869473151,56396704672,61671440408,68285796514,70120446897,74815144164,82036510877,92202979985,1.00378E+11,1.00658E+11,1.09704E+11,1.14449E+11,1.07501E+11,1.2034E+11,
Kyrgyz Republic,KGZ,GDP (current US$),NY.GDP.MKTP.CD,,,,,,,,,,,,,,,,,,,,,,,,,,,,,,,2660202623,2542256424,2315346943,2026019253,1681780847,1661147035,1827570586,1767864036,1645963750,1249061487,1369688498,1525116370,1605643105,1919008090,2211534585,2460246766,2834168889,3802570553,5139958909,4690061381,4794361863,6197765984,6605142884,7335033801,7468102413,6678177512,6813095379,7702938379,8271106235,9371275264,8270468614,9249133946,12134931018,15180842369,17478259659,
Cambodia,KHM,GDP (current US$),NY.GDP.MKTP.CD,,,,,,,,,,,,,,,,749129748.2,790357254.5,716261764.5,766642356.1,723738502.7,744384129.7,815153652.4,865516039.8,939291262.1,1021176059,1102669184,1167630318,1036974910,1662877859,1353137648,1402541177,2054974089,2491486594,2533727592,2791435272,3441205693,3506695720,3443413389,3120425503,3517242477,3694168979,4145665970,4501227627,5046693484,5883297160,7066296463,8350531017,10127916460,12174303999,12502901170,13808673288,16032622024,17826536700,19807135253,22041463968,24174170369,26556545153,29355665910,33145892169,36685356408,34818073901,36790163687,39994532960,42335646896,46352647037,
Kiribati,KIR,GDP (current US$),NY.GDP.MKTP.CD,,,,,,,,,,,11560877.28,12356134.38,15314346.49,25645040.47,69256488.52,44547453.6,33246816.5,31335458.7,36563964.55,34466197.03,33157723.11,35267489.24,32742712.65,31000545.77,34394167.04,26126615.23,25993008.79,29554412.53,38278810.32,37645319.2,36534294.8,41247791.64,61491369.28,58953595.91,67055333.9,68596394.6,81456854.14,80205806.83,74905705.89,77323978.19,74910527.26,64935850.16,74743869.13,96105619.38,104085892.1,113895437.3,112338353.3,138054945.6,147017895,140177384.1,165458433.1,195970140.2,207001545.9,201730860.8,200287282,191559398.7,206467818.5,222875736.3,233514717.4,216985388.3,220898020.4,285259881.1,270040453.3,288610747.7,307862564.5,
St. Kitts and Nevis,KNA,GDP (current US$),NY.GDP.MKTP.CD,12366635.75,12483302.13,12541635.31,12833301.25,13416633.13,13593932.32,14469078.18,16742338.25,14600000,15850000,16300000,19624746.45,22944849.12,24196018.38,31514856.31,33364055.3,30095602.29,44496296.3,49433333.33,58840740.74,68459259.26,80888888.89,86022222.22,86874074.07,98603703.7,111007407.4,130685185.2,147748148.1,172692592.6,192518518.5,217259259.3,220540740.7,242137037,263755555.6,295159259.3,313485185.2,333944444.4,374641308,383257331.4,406595484.4,421695769.8,458643829,481077373.7,469869869.9,506900000,547203703.7,644414814.8,689285185.2,777692592.6,774274074.1,778718518.5,836092592.6,824585185.2,874548148.1,952111111.1,957222222.2,1006818519,1056977778,1076548148,1107855556,883922222.2,858622222.2,981429629.6,1055651852,1122388889,
"Korea, Rep.",KOR,GDP (current US$),NY.GDP.MKTP.CD,3973069307,2427244761,2826923077,4007692308,3476789682,3141131708,3957064541,4895076718,6167109472,7743940189,9085001794,10005257131,10990490570,14067523813,19860929977,22126033058,30371074380,39064462810,52824793388,68083884298,66547970351,74287368087,79921300447,89621208322,99749645089,1.03764E+11,1.19966E+11,1.5224E+11,2.05478E+11,2.54236E+11,2.92064E+11,3.40852E+11,3.66921E+11,4.05705E+11,4.79182E+11,5.86286E+11,6.31197E+11,5.89203E+11,3.97297E+11,5.15697E+11,5.97487E+11,5.67565E+11,6.50014E+11,7.28516E+11,8.23251E+11,9.7174E+11,1.09518E+12,1.22091E+12,1.09158E+12,9.83065E+11,1.19283E+12,1.3071E+12,1.33534E+12,1.43467E+12,1.55625E+12,1.53921E+12,1.57915E+12,1.7102E+12,1.82425E+12,1.75105E+12,1.74407E+12,1.94231E+12,1.79936E+12,1.8448E+12,1.87539E+12,
Kuwait,KWT,GDP (current US$),NY.GDP.MKTP.CD,,,1828107503,1900895857,2071668533,2097199161,2391199044,2441599023,2662798935,2769198892,2873638851,3880392195,4450537925,5408804607,13006948296,12022811621,13132252802,14137406741,15503557496,24749063922,28638868356,25058020338,21577153356,20871081080,21700082753,21445970614,17903989745,22368704134,20690322153,24313855653,18427777778,11009993703,19858555215,23941391391,24848483838,27186980647,31492373309,30350190704,25943705784,30122365849,37718743480,34889559870,38135788414,47874582232,59439090601,80798630137,1.01557E+11,1.14634E+11,1.4738E+11,1.05969E+11,1.15416E+11,1.54039E+11,1.74048E+11,1.74168E+11,1.6265E+11,1.14586E+11,1.09407E+11,1.20688E+11,1.38646E+11,1.40856E+11,1.11045E+11,1.48351E+11,1.83502E+11,1.65384E+11,1.60227E+11,
Latin America & Caribbean (excluding high income),LAC,GDP (current US$),NY.GDP.MKTP.CD,61872048054,68537433096,70838147780,77852261014,89267114390,96773648115,1.06986E+11,1.08803E+11,1.17082E+11,1.31184E+11,1.42597E+11,1.57897E+11,1.7959E+11,2.40396E+11,3.16078E+11,3.40736E+11,3.70758E+11,4.0197E+11,4.87097E+11,5.35635E+11,6.47345E+11,7.43689E+11,6.85785E+11,5.9164E+11,6.34822E+11,6.2454E+11,6.32752E+11,6.935E+11,7.54391E+11,8.57639E+11,9.56359E+11,1.0223E+12,1.10966E+12,1.3379E+12,1.58189E+12,1.68561E+12,1.84098E+12,2.00912E+12,2.02492E+12,1.79596E+12,1.98649E+12,1.9355E+12,1.74055E+12,1.77671E+12,2.02511E+12,2.45049E+12,2.85841E+12,3.37474E+12,3.9006E+12,3.61249E+12,4.51876E+12,5.27765E+12,5.25056E+12,5.38562E+12,5.40517E+12,4.57874E+12,4.43883E+12,4.96087E+12,4.81674E+12,4.74862E+12,3.9913E+12,4.63798E+12,5.33605E+12,6.01467E+12,6.16879E+12,
Lao PDR,LAO,GDP (current US$),NY.GDP.MKTP.CD,,,,,,,,,,,,,,,,,,,,,,,,,1757142856,2366666616,1776842097,1087273104,598961269.3,714046821.1,865559879.4,1028087972,1127806945,1327748690,1543606345,1763536305,1873671550,1747011857,1280177839,1454430642,1731198022,1768619058,1758176653,2023324407,2366398120,2735558735,3455030061,4223152739,5446433157,5836137330,7131771015,8750104617,10192846339,11983252627,13279245886,14426380126,15912501723,17071155481,18141641090,18740561513,18981805250,18827148531,15468785204,15843155731,16502933121,
Lebanon,LBN,GDP (current US$),NY.GDP.MKTP.CD,,,,,,,,,,,,,,,,,,,,,,,,,,,,,3313540068,2717998688,2838485354,4690415093,5843579161,7941744492,9599127050,11718795529,13690217334,15751867489,17247179006,17391056369,17260364842,17649751244,19152238806,20082918740,21159827992,21497336499,22022709851,24827355015,29118916105,35399582929,38443907042,39927125962,44016799516,46880103081,48095213747,49929337837,51147308774,53027680686,54901519156,51605959131,31712128254,23131941557,20992421949,20078620357,,
Liberia,LBR,GDP (current US$),NY.GDP.MKTP.CD,190495600,183920900,191861800,200229600,218929100,229260800,244459500,261024300,276820700,306961800,323099700,341543100,368098000,386968300,486955000,577549300,596675700,673010600,717240400,814067900,854711500,846514500,863933200,823374900,848478300,851296100,840964400,972800000,1038300000,786300000,384400000,348000000,223500000,160400000,132200000,134800000,159400000,295900000,359600000,441800000,874000000,906000000,927000000,748000000,897000000,949000000,1119000000,1373000000,1726000000,1768000000,1998000000,2398000000,2791614000,3177198100,3225652000,3227075700,3398419600,3390703400,3422754800,3319596500,3176126300,3513049500,4001047000,4390000000,4779300900,
Libya,LBY,GDP (current US$),NY.GDP.MKTP.CD,401644248.9,443905612,619725784.9,892327910.7,1341395421,1804979680,2312438536,2726986913,3850623095,4380987481,4601649451,5260185125,6299395544,8625889430,15112543717,14710912458,19096943017,22428297108,22136422643,30536429497,40953924949,36374353880,33760146991,33200520140,29476109153,31530566324,24180400959,26697659335,24308959591,25156707899,28904183602,31991821265,33887047909,30660051911,28610549763,25541379187,27884615385,30700897875,27251301398,35975860857,38270954138,34112093927,20481889764,26265625000,33122307692,47334691241,60094231607,68032978391,86710767415,60808562033,75380825062,48169263294,92540938129,75351107029,57372355592,48717501321,49912073701,67157452182,76686029772,69254496472,46854285441,35217995647,43246297922,44027664915,48487151215,
St. Lucia,LCA,GDP (current US$),NY.GDP.MKTP.CD,,,,,,,,,,,,,,,,,,,,,170370370.4,194444444.4,183333333.3,197037037,251481481.5,284444444.4,340000000,375555555.6,429629629.6,486666666.7,579629629.6,613703703.7,674074074.1,684814814.8,713703703.7,762962963,788888888.9,805925925.9,877407407.4,921851851.9,932592592.6,892592592.6,900000000,987407407.4,1066666667,1135555556,1268319185,1336088815,1437731111,1401507889,1482385185,1568370370,1598207407,1660392593,1749185185,1807640741,1868544444,1998503704,2060955556,2095344444,1499274074,1867185185,2342714815,2430166667,2549062963,
Latin America & Caribbean,LCN,GDP (current US$),NY.GDP.MKTP.CD,79218932628,87692579907,92148671651,1.00158E+11,1.11298E+11,1.19598E+11,1.31679E+11,1.34312E+11,1.44144E+11,1.60995E+11,1.75638E+11,1.95901E+11,2.20381E+11,2.9315E+11,3.79786E+11,3.98145E+11,4.36628E+11,4.79581E+11,5.74059E+11,6.44166E+11,7.83357E+11,8.94809E+11,8.23243E+11,7.26364E+11,7.64197E+11,7.55578E+11,7.65106E+11,8.21071E+11,9.00612E+11,9.94557E+11,1.10744E+12,1.18941E+12,1.29909E+12,1.53713E+12,1.79577E+12,1.94235E+12,2.10095E+12,2.30367E+12,2.33197E+12,2.10767E+12,2.32696E+12,2.28262E+12,2.05279E+12,2.0919E+12,2.40547E+12,2.90323E+12,3.39733E+12,3.99876E+12,4.64409E+12,4.35754E+12,5.3979E+12,6.13942E+12,6.20255E+12,6.25255E+12,6.21785E+12,5.28962E+12,5.14875E+12,5.71506E+12,5.5811E+12,5.47343E+12,4.62735E+12,5.38286E+12,6.145E+12,6.91066E+12,7.11032E+12,
Least developed countries: UN classification,LDC,GDP (current US$),NY.GDP.MKTP.CD,28083812111,29364630537,31794976805,36519313158,33150184767,37295152842,40642209234,41311581928,44098255412,48788461658,47218105707,49607713413,51305821255,62437242596,77769806980,93635062503,86257896218,94941848284,1.11734E+11,1.22428E+11,1.35711E+11,1.38756E+11,1.40165E+11,1.38441E+11,1.40662E+11,1.53685E+11,1.33833E+11,1.42313E+11,1.56209E+11,1.67639E+11,1.92677E+11,2.08818E+11,1.65223E+11,1.71011E+11,1.67739E+11,1.72091E+11,1.81565E+11,1.8934E+11,1.9221E+11,1.97805E+11,2.24564E+11,2.16586E+11,2.38997E+11,2.70939E+11,3.11792E+11,3.70633E+11,4.30714E+11,5.17254E+11,6.35558E+11,6.28162E+11,7.1125E+11,8.10123E+11,8.49599E+11,9.24686E+11,9.93379E+11,9.46044E+11,9.52622E+11,1.0445E+12,1.11634E+12,1.16937E+12,1.17978E+12,1.3039E+12,1.47424E+12,1.45997E+12,1.53627E+12,
Low income,LIC,GDP (current US$),NY.GDP.MKTP.CD,,,,,,,,17168631141,18643486433,21687971434,22138606273,24678547942,27615304467,33022563725,41317575284,48858798820,51353443145,59469573577,69326192104,73361506554,82239917973,83576565930,83687327649,79883109897,78581550455,73755909046,77699611465,81699510513,88552567441,95849966757,1.20058E+11,1.3441E+11,92686061463,1.02326E+11,97114664249,88805408700,84839243701,90885588132,93088605277,93786312226,1.16766E+11,1.09983E+11,1.22332E+11,1.36843E+11,1.59851E+11,1.93442E+11,2.24501E+11,2.71819E+11,3.24481E+11,3.14284E+11,3.54666E+11,3.84119E+11,3.51076E+11,3.59281E+11,3.7879E+11,3.61782E+11,3.17625E+11,3.26807E+11,3.4199E+11,3.52057E+11,3.39435E+11,3.75494E+11,4.34268E+11,4.34043E+11,4.69282E+11,
Liechtenstein,LIE,GDP (current US$),NY.GDP.MKTP.CD,,,,,,,,,,,90099360.84,104889795.3,124940289.3,165928881.6,193980464.9,246389101.9,272489300.5,303493119.5,436912067.8,503173104.4,534699362.9,511647750.1,522096760.3,524023624.9,502620991.9,529073612.5,779357802.5,1052848996,1161757671,1119983801,1421509216,1484160302,1631177029,1673085245,1948129623,2428525061,2504012993,2298389803,2479699106,2664105901,2483889858,2491800559,2688618747,3070803051,3454373798,3659319117,4000102086,4601429897,5081479840,4504375348,5082337238,5739706005,5456102482,6391708311,6657526980,6268515276,6237302034,6474308718,6692620692,6436467007,6405870210,7912602342,7426856243,8239379403,,
Sri Lanka,LKA,GDP (current US$),NY.GDP.MKTP.CD,1409873950,1444327731,1434156379,1240672269,1309747899,1698319328,1751470588,1859465021,1801344538,1965546218,2296470588,2369308600,2553936348,2875625000,3574586466,3791298146,3591319857,4104509583,2733183857,3364611432,4024621900,4415844156,4768765017,5167913302,6043474843,5978460972,6405210564,6682167120,6978371581,6987267684,8032551173,9000362582,9703011636,10338679636,11717604209,13029697561,13897738375,15091913884,15760736956,15711933513,16595882819,15749753805,16536535647,18881765437,20662525941,24405791045,28267410543,32350238760,40713826215,42066224093,58636049434,67753285897,70447217164,76976203829,82531125191,85090301052,88000211172,94369350286,94450015983,88998706297,84335574582,88556698938,74143020263,83716142582,98963185510,
Lower middle income,LMC,GDP (current US$),NY.GDP.MKTP.CD,85718645235,91375597712,92791537815,1.02655E+11,1.15346E+11,1.23582E+11,1.12804E+11,1.20385E+11,1.27756E+11,1.41435E+11,1.53169E+11,1.59557E+11,1.70264E+11,2.00259E+11,2.47656E+11,2.71279E+11,2.86868E+11,3.22288E+11,3.63479E+11,4.21417E+11,5.13986E+11,6.37968E+11,6.33607E+11,6.00666E+11,5.76332E+11,6.15045E+11,6.17956E+11,6.73707E+11,6.95226E+11,6.80923E+11,7.40239E+11,7.08795E+11,7.40204E+11,7.48821E+11,8.42207E+11,1.00004E+12,1.13914E+12,1.19524E+12,1.22056E+12,1.12587E+12,1.1889E+12,1.2008E+12,1.26865E+12,1.44054E+12,1.65863E+12,1.91123E+12,2.23902E+12,2.73932E+12,3.03065E+12,3.16104E+12,3.80323E+12,4.24448E+12,4.48607E+12,4.74312E+12,5.12262E+12,5.11052E+12,5.31917E+12,5.77046E+12,6.02278E+12,6.52744E+12,6.2978E+12,7.12467E+12,7.58896E+12,7.68463E+12,7.94131E+12,
Low & middle income,LMY,GDP (current US$),NY.GDP.MKTP.CD,2.66021E+11,2.69459E+11,2.73696E+11,3.03551E+11,3.4015E+11,3.75606E+11,3.89671E+11,3.99982E+11,4.24044E+11,4.74511E+11,5.17799E+11,5.56846E+11,6.25485E+11,7.97479E+11,1.0152E+12,1.123E+12,1.20828E+12,1.35651E+12,1.5062E+12,1.74617E+12,2.06317E+12,2.31048E+12,2.27777E+12,2.20682E+12,2.26746E+12,2.35453E+12,2.40456E+12,2.48214E+12,2.64857E+12,2.83949E+12,3.26349E+12,3.16938E+12,3.32567E+12,3.59896E+12,4.03635E+12,4.67857E+12,5.19425E+12,5.51448E+12,5.4156E+12,5.21358E+12,5.67124E+12,5.68186E+12,5.79657E+12,6.49014E+12,7.61557E+12,8.99572E+12,1.05933E+13,1.30119E+13,1.5454E+13,1.54958E+13,1.88492E+13,2.2198E+13,2.36003E+13,2.5061E+13,2.62346E+13,2.54573E+13,2.57227E+13,2.81237E+13,2.9946E+13,3.08635E+13,2.98827E+13,3.52354E+13,3.69653E+13,3.80593E+13,3.93971E+13,
Lesotho,LSO,GDP (current US$),NY.GDP.MKTP.CD,34579986.17,35699985.72,41859983.26,47039981.18,51939979.22,54879978.05,56699977.32,59261976.3,61445975.42,65967973.61,68739972.5,76480285,80913200.43,121188715.8,150851316.5,149558895.9,147660036.9,193315048.3,266570066.6,290134592.5,431542536.7,434188034.2,348741683.7,386699308.9,333163670.3,268629925.9,318858423,402768324.5,470395800.6,495409232.6,596410263.7,704325366.7,831029861.7,835582062.5,878250945.3,1001894000,946112492.8,998004258.7,928460893.1,912773681.1,887291687.9,825706961.2,775777238.6,1157825435,1511236656,1682343527,1800092564,1682131785,1766902709,1740894965,2234754242,2579409620,2477702216,2367112932,2441063054,2359686725,2114426452,2306741672,2556247292,2390702296,2053699864,2412130057,2354980960,2117962445,2271759455,
Late-demographic dividend,LTE,GDP (current US$),NY.GDP.MKTP.CD,1.83859E+11,1.70881E+11,1.74095E+11,1.89932E+11,2.08297E+11,2.33447E+11,2.59994E+11,2.6126E+11,2.65793E+11,2.96284E+11,3.36905E+11,3.74774E+11,4.31342E+11,5.60343E+11,6.73222E+11,7.43237E+11,8.01479E+11,9.29936E+11,9.67903E+11,1.15236E+12,1.3215E+12,1.38513E+12,1.39723E+12,1.2935E+12,1.35006E+12,1.4594E+12,1.551E+12,1.63776E+12,1.78702E+12,1.90524E+12,1.9711E+12,1.98236E+12,2.02184E+12,2.10491E+12,2.4446E+12,3.02978E+12,3.34147E+12,3.49956E+12,3.37487E+12,3.12222E+12,3.42751E+12,3.54554E+12,3.76083E+12,4.28665E+12,5.15193E+12,6.21102E+12,7.49602E+12,9.4453E+12,1.175E+13,1.13682E+13,1.36797E+13,1.66654E+13,1.78363E+13,1.92335E+13,1.99981E+13,1.87972E+13,1.88419E+13,2.08893E+13,2.29077E+13,2.33666E+13,2.28695E+13,2.72842E+13,2.85504E+13,2.89344E+13,2.99792E+13,
Lithuania,LTU,GDP (current US$),NY.GDP.MKTP.CD,,,,,,,,,,,,,,,,,,,,,,,,,,,,,,,,,,,,7921210340,8430207164,10168271903,11289161847,11022095814,11550695727,12260761329,14282292665,18809197970,22743164431,26105207115,30116192747,39729151615,47831254208,37494380039,36638128534,43186501863,42709372067,46303660422,48306546657,41540954817,42970749245,47756764508,54261795149,55122066226,57412038533,67037321009,71033884500,79789877416,84869215513,
Luxembourg,LUX,GDP (current US$),NY.GDP.MKTP.CD,709941874,710163719.4,747846862.2,797902154.2,910877686.3,929477284.8,976717015.5,983052314.9,1075561623,1245432991,1457768455,1518773421,1901697370,2609875802,3183637117,3123333333,3423586207,3789321328,4718539772,5516982664,6019805490,5053665797,4602316793,4524217751,4438435493,4577211767,6685595088,8320902215,9418167855,10037674038,12778792854,13834219728,15518702635,15925521222,17701798891,20853093870,20895314658,19563836265,20150053345,21899317599,21230182989,21387533703,23649833332,29667268248,35064843793,37672280120,42910146296,51587401416,58844277702,54467289898,56213985987,61696281326,59776383527,65203276467,68804811898,60071584216,62216885436,65712180343,71085623495,69872035114,73670782100,86386759695,80801680397,88788881539,93279851863,
Latvia,LVA,GDP (current US$),NY.GDP.MKTP.CD,,,,,,,,,,,,,,,,,,,,,,,,,,,,,,,,,,,,5608208785,5799465288,6349481007,6974112951,7324192890,7761252607,8190888740,9249030241,11244337720,13827070379,16306935905,20434922247,29420499248,34135200994,25691530442,23468324572,26575547901,27116149949,29152128168,30277203767,26344565877,27117105060,29391059767,33247935477,33099503951,33379927435,38183326785,38003198509,42779550937,43684254432,
"Macao SAR, China",MAC,GDP (current US$),NY.GDP.MKTP.CD,,,,,,,,,,,,,,,,,,,,,,,1142497719,1133013235,1304361353,1362072160,1532105070,1957724829,2288761823,2705665492,3246481233,3765249711,4914365189,5665606115,6311207780,7046147737,7176892950,7267570893,6796914862,6547169929,6773944355,6860272608,7371692774,8246479566,10643253553,12160056122,14874098692,18439981612,21027018333,21589540351,28244172834,36848881945,43193350976,51559125350,54930501310,44940613353,44964868324,50297028371,55076322634,55025172016,25280064168,30633941629,24929307447,45626467280,49467258923,
St. Martin (French part),MAF,GDP (current US$),NY.GDP.MKTP.CD,,,,,,,,,,,,,,,,,,,,,,,,,,,,,,,,,,,,,,,,,,,,,,,,,,,,775875748.5,,,772921958.5,,,,,652206037.1,,649206262.8,,,,
Morocco,MAR,GDP (current US$),NY.GDP.MKTP.CD,2037154742,2025693540,2379611125,2657252578,2798345299,2948331090,2876401297,3046345314,3271422333,3651622669,3956336244,4356669034,5074117545,6242145880,7675466449,8984853005,9584297284,11049783872,13236946234,15911994817,21728516153,17788185479,17692276734,16251408128,14824667954,14991283216,19462085540,21765195948,25705296184,26314313191,30179954775,32285573574,33711069431,31655473664,35604137423,39030285468,43161571528,39147844526,46497608725,46266428648,43017455402,43831480208,47077192188,58029363354,66114145451,68852658069,75883823301,86947913287,1.01823E+11,1.01155E+11,1.00865E+11,1.10081E+11,1.06937E+11,1.15739E+11,1.19131E+11,1.10414E+11,1.11573E+11,1.18541E+11,1.27341E+11,1.2892E+11,1.21354E+11,1.42022E+11,1.31245E+11,1.46036E+11,1.60611E+11,
Monaco,MCO,GDP (current US$),NY.GDP.MKTP.CD,,,,,,,,,,,293127333.2,327706210.4,402451900.8,523554039.2,563949254.1,711978961.9,735324244.7,811191392.2,1000555218,1209870147,1378175524,1205188648,1143216457,1092560365,1037329604,1082867507,1515234743,1839081463,2000704745,2010083833,2481307077,2480540845,2737049231,2574494356,2720332135,3130309995,3137886995,2840195190,2934593468,2907118641,2654462665,2673723034,2919647982,3597089751,4043551489,4204652899,4586826513,5875790766,6502942245,5474379252,5367561570,6088689808,5742749294,6555591710,7070017324,6264756528,6471290794,6430254653,7184333936,7383496254,6730736283,8623242743,8800430486,10003892565,11125783372,
Moldova,MDA,GDP (current US$),NY.GDP.MKTP.CD,,,,,,,,,,,,,,,,,,,,,,,,,,,,,,,3592857043,3094565871,2319243436,2371813324,1702314268,1752999370,1695122174,1930081169,1698717505,1170782957,1288429392,1480673594,1661818168,1980907435,2598249556,2988342907,3408255451,4401173152,6054824248,5439434272,6974982370,8414352020,8709138635,9496717876,9402090138,7797667197,7980917076,9514404016,11252353421,11736797055,11530746234,13691869264,14525337524,16711906746,18200340854,
Madagascar,MDG,GDP (current US$),NY.GDP.MKTP.CD,673081724.8,699161944.6,739286907.6,759345863.7,802482183.7,833563473,900264584.6,956436932.1,1031669637,1056391056,1111859571,1199507631,1341590690,1653062335,1917508190,2283049215,2181844179,2358930406,2669755115,3463565854,5201818348,4759333998,4784977326,4686457031,3905938481,3802557895,4347989788,3212900556,3189456965,3175638333,3931334875,3254713056,3714966678,4063298919,3522227092,3838100904,4931861039,4262965420,4401967633,4277903780,4629247204,5438332602,5351701663,6372498890,5064732626,5859269753,6395712491,8524620890,10725137724,9616879409,9982711338,11551819618,11578975062,12423555455,12522957399,11323020701,11848613858,13176313594,13760033282,14104664679,13051441204,14354731964,15325603273,15869945478,17420501490,
Maldives,MDV,GDP (current US$),NY.GDP.MKTP.CD,,,,,,,,,,,19328038.32,21566404.02,25177137.53,30862041.6,39120171.25,24540877.6,22399467.11,20853788.71,24369109.14,38523364.49,42463576.16,44781456.95,47911340.18,57829787.23,109503546.1,127190758,141882254.2,141223029.4,168514513.4,189514434.2,215043969.8,244396761.9,284875809,322417837.2,356014932.1,398988955,450382328,508223602.4,540096397.6,589239753.6,624337145.3,870031676.8,897031250,1052121055,1226829563,1163362438,1575200391,1868383461,2271646188,2345294875,2588176055,2774350240,2886163997,3295009238,3697353039,4129505319,4409942624,4816426257,5404344163,5726094799,3712604583,5252457370,6177123352,6621008704,7061608267,
"Middle East, North Africa, Afghanistan & Pakistan",MEA,GDP (current US$),NY.GDP.MKTP.CD,29024394855,30987037285,30832534298,33981027252,37876511285,41652574542,44827741482,48702681114,55355053153,61449134769,69470512933,79185015019,93296927795,1.21487E+11,2.20686E+11,2.4255E+11,3.0131E+11,3.49602E+11,3.71543E+11,4.83141E+11,6.21242E+11,6.40119E+11,6.41806E+11,6.49495E+11,6.56415E+11,6.68194E+11,6.76559E+11,6.31785E+11,6.31605E+11,6.5116E+11,8.36906E+11,6.73739E+11,7.11056E+11,6.66712E+11,7.03469E+11,7.79385E+11,8.63E+11,9.00774E+11,8.82028E+11,9.5473E+11,1.09876E+12,1.09055E+12,1.08428E+12,1.20892E+12,1.42516E+12,1.69692E+12,1.98466E+12,2.34084E+12,2.88995E+12,2.60561E+12,3.04162E+12,3.66271E+12,3.95106E+12,3.91574E+12,3.95513E+12,3.55842E+12,3.62424E+12,3.79535E+12,4.05051E+12,4.01989E+12,3.58745E+12,4.31065E+12,5.03093E+12,4.90573E+12,5.09472E+12,
Mexico,MEX,GDP (current US$),NY.GDP.MKTP.CD,13040000000,14160000000,15200000000,16960000000,20080000000,21840000000,24320000000,26560000000,29360000000,32480000000,35520000000,39200000000,45200000000,55280000000,72000000000,88000000000,88875923765,81912018784,1.02649E+11,1.34532E+11,2.05577E+11,2.63798E+11,1.84603E+11,1.56167E+11,1.84231E+11,1.95241E+11,1.34556E+11,1.47543E+11,1.81611E+11,2.21403E+11,2.61254E+11,3.1314E+11,3.63158E+11,5.30161E+11,5.53618E+11,3.80157E+11,4.32158E+11,5.2345E+11,5.57461E+11,6.31249E+11,7.42061E+11,7.96065E+11,8.10666E+11,7.6555E+11,8.19459E+11,9.17572E+11,1.02027E+12,1.10236E+12,1.16155E+12,9.43437E+11,1.10542E+12,1.22901E+12,1.25511E+12,1.32744E+12,1.36451E+12,1.21329E+12,1.11223E+12,1.19072E+12,1.2563E+12,1.30411E+12,1.12106E+12,1.31657E+12,1.46693E+12,1.79832E+12,1.85637E+12,
Marshall Islands,MHL,GDP (current US$),NY.GDP.MKTP.CD,,,,,,,,,,,8408486,9116810,9973652,11607366,15217532,16691301,18153647,20210069,22209370,25545346,26710653,31020000,34918000,41749000,45144000,43879000,55989000,62983000,70688000,72798000,78476000,82507000,91063000,99461000,108071000,120230000,110858000,109884700,112070100,113352100,114838500,122406100,131960000,131128500,132900000,138000000,143200000,150500000,146600000,151200000,161100000,172300000,180700000,186400000,186000000,183700000,201800000,213700000,220000000,232900000,241800000,261245544.4,258723510.7,263761322,290108490,
Middle income,MIC,GDP (current US$),NY.GDP.MKTP.CD,2.54381E+11,2.57716E+11,2.60605E+11,2.8712E+11,3.26749E+11,3.59974E+11,3.73234E+11,3.84168E+11,4.06933E+11,4.5472E+11,4.97395E+11,5.34228E+11,6.00161E+11,7.66887E+11,9.76816E+11,1.0781E+12,1.1609E+12,1.30192E+12,1.44303E+12,1.67836E+12,1.98649E+12,2.23137E+12,2.19875E+12,2.13122E+12,2.19255E+12,2.28296E+12,2.3296E+12,2.40358E+12,2.5637E+12,2.74781E+12,3.15062E+12,3.04471E+12,3.23711E+12,3.50135E+12,3.94238E+12,4.59053E+12,5.10855E+12,5.42278E+12,5.32219E+12,5.12001E+12,5.55655E+12,5.57329E+12,5.67664E+12,6.35597E+12,7.45879E+12,8.80634E+12,1.03733E+13,1.27452E+13,1.51358E+13,1.51872E+13,1.85001E+13,2.18188E+13,2.32515E+13,2.47035E+13,2.58577E+13,2.50971E+13,2.54044E+13,2.7795E+13,2.96017E+13,3.05091E+13,2.95409E+13,3.4856E+13,3.65288E+13,3.76223E+13,3.89257E+13,
North Macedonia,MKD,GDP (current US$),NY.GDP.MKTP.CD,,,,,,,,,,,,,,,,,,,,,,,,,,,,,,,4699646643,4938775510,2436849342,2682456897,3559608640,4707041315,4642021256,3912986091,3765745023,3863619285,3772859034,3709636031,4018365747,4946296599,5682784472,6258602873,6861226972,8336474974,9909552435,9401736825,9407170321,10494626768,9745261301,10817702346,11362265253,10064519963,10672467073,11307067070,12683068114,12606338449,12361036914,14000283827,13932436550,15855131189,16951682245,
Mali,MLI,GDP (current US$),NY.GDP.MKTP.CD,,,,,,,,275494477.6,343771973,339913867.1,359772315.1,395218628.9,486617280.3,563683703.3,538747340,830710615.2,939228017.2,1049838548,1222702573,1595422956,2704362789,2234583940,1680304773,1496616127,1387809615,1594347021,2132938007,2437004680,2712207901,2824822489,3248417791,3576562682,3680775037,3632801877,2655768636,3373322735,3743103420,3414879486,3894433432,4091446054,3521570876,4124281594,4647238257,5605613011,6485774930,7429066951,8212007554,9699047443,11462490840,12155217833,12710739159,15452791789,14795114603,15747192681,17081681993,15583181170,16743796800,18308362040,20368015381,20477421885,20698560939,22999245263,22539987719,24813860599,26794747240,
Malta,MLT,GDP (current US$),NY.GDP.MKTP.CD,,,,,,,,,,,250728796.3,264578484.8,295106628.3,345616105.9,376081124.3,474618321.5,527936988.8,625563170.7,793673401.6,1001288847,1250198601,1243509394,1234474404,1165729707,1101807023,1117797439,1435038441,1751293461,2019503068,2118655677,2547328748,2750216747,3021942759,2709193538,2998505428,3709396045,3822547197,3787023707,4010111688,4111857809,4036809815,4070867133,4455127414,5418315224,6104141520,6393234993,6749838806,7908412306,9135419465,8734745698,9097044159,9789361703,9609532089,10796782636,11888032874,11340795042,12025782834,14161366724,16153779511,16337793531,16404663226,19739875611,18928276162,22610561526,24971574502,
Myanmar,MMR,GDP (current US$),NY.GDP.MKTP.CD,545098447.6,605581577.3,634528872,598998418.7,411419905.8,367053117.2,293103478.5,420359035.9,559956130.3,571854214.6,563555630.8,587448405.5,662213082.7,719754655.4,1225589878,1061107354,1204699849,873579931.9,935408775,952265043.4,1038225167,1111000765,1481165468,1381573615,1304063253,1478908173,1582873750,1562448077,1541088312,2013448229,2115193513,2069832687,2411552289,3163020035,4432257174,5289174943,6123556717,4722288496,6459461639,8486832801,8905066164,6477790688,6777632512,10467109978,10567354056,11986972419,14502553710,20182477481,31862554102,36906181381,49540813342,59977326086,59937796648,60269732855,65531374210,59607290408,63298361984,66053040475,67860515993,75065106243,79006113670,66345291149,62253049903,66757619000,74068349524,
"Middle East, North Africa, Afghanistan & Pakistan (excluding high income)",MNA,GDP (current US$),NY.GDP.MKTP.CD,21951472906,22897686862,23311084905,25680699750,28686249644,31805270075,33969222899,37310104874,41897056401,46594338114,52340685828,59203404913,67256893586,82948300158,1.27536E+11,1.46512E+11,1.80748E+11,2.08782E+11,2.24124E+11,2.7863E+11,3.38338E+11,3.30378E+11,3.69224E+11,4.04172E+11,4.22202E+11,4.53639E+11,4.87667E+11,4.26965E+11,4.14054E+11,4.15824E+11,5.61877E+11,3.80581E+11,3.90454E+11,3.44284E+11,3.61934E+11,4.03355E+11,4.46894E+11,4.6577E+11,4.7582E+11,5.15244E+11,5.77555E+11,5.80414E+11,5.64912E+11,6.2472E+11,7.39741E+11,8.57125E+11,9.96469E+11,1.21E+12,1.46615E+12,1.41867E+12,1.62606E+12,1.90606E+12,2.05289E+12,1.93042E+12,1.91978E+12,1.78066E+12,1.84912E+12,1.87826E+12,1.87788E+12,1.83435E+12,1.66796E+12,1.93971E+12,2.16082E+12,2.09467E+12,2.2036E+12,
Montenegro,MNE,GDP (current US$),NY.GDP.MKTP.CD,,,,,,,,,,,,,,,,,,,,,,,,,,,,,,,,,,,,,,838288806,854261160.7,828950327.4,984293043.8,1159869246,1284685051,1707710053,2073234418,2257174481,2717702923,3677910895,4540861726,4142640317,4136936189,4507126949,4071829462,4422097763,4579636602,4010885991,4357469330,4803962016,5433467175,5483476883,4723571498,5823715810,6251215144,7644389160,8270016671,
Mongolia,MNG,GDP (current US$),NY.GDP.MKTP.CD,,,,,,,,,,,,,,,,,,,,,2101394100,2310099100,2552401933,2725736633,2098734600,2186505475,2896178867,3020611600,3204461567,3576966800,2560785660,2379018326,1317611864,768401634.2,925817092.2,1452165005,1345719472,1180934203,1124440205,1057408589,1136896124,1267997934,1396555720,1595297356,1992066808,2523471601,3414055662,4234999704,5623216608,4583850368,7189481999,10409797378,12292770632,12582122604,12226514668,11619892591,11181350649,11480847741,13178094720,14206359018,13312981429,15286441738,17146471714,20325121394,23794540025,
Northern Mariana Islands,MNP,GDP (current US$),NY.GDP.MKTP.CD,,,,,,,,,,,,,,,,,,,,,,,,,,,,,,,,,,,,,,,,,,,1284000000,1239000000,1210000000,1061000000,990000000,938000000,939000000,795000000,799000000,729000000,746000000,772000000,832000000,910000000,1230000000,1560000000,1301000000,1179000000,866000000,914000000,1096000000,,,
Mozambique,MOZ,GDP (current US$),NY.GDP.MKTP.CD,,,,,,,,,,,,,,,,,,,,,,,,,,,,,,,,3854856435,2798696511,2883161897,2958108170,3061646174,4030146135,4873663775,5551118149,6285219691,5930685215,5650154067,5950769427,6583526861,7937255565,8868504900,9509835537,10811456006,12920340965,12263894790,11411894724,14619279989,16688114144,17198073057,17978246586,16208985770,12069051237,13264640646,15017358953,15512759047,14235420174,16168055475,18883528581,20921079533,22745341305,
Mauritania,MRT,GDP (current US$),NY.GDP.MKTP.CD,,159213430.2,164271557.5,168186297.3,224495743.9,255340475,266533605.2,282615310.2,311395937.3,295062308.5,309405316,335568907.1,391669449.3,493237876.3,613010552.5,703377837.5,775045516.8,799030017.1,804629876.8,951900945.3,1047925106,1105494682,1108776653,1165171263,1074373230,1009723326,1186628778,1344664725,1414951290,1450647019,1506914408,2133692697,2164298425,1847353211,1944876755,2091726101,2132087009,2071996564,2032347665,1985922776,1779520886,1746063558,1777057481,2051147607,2362501023,2936019526,3919577286,4346212355,5206437194,4714595548,5628878798,6764627746,6728208836,7223071097,6592537782,6166863897,6398747592,6800135898,7473550557,7894764886,8260752385,9222536364,9557966698,10726838461,10908045687,
Mauritius,MUS,GDP (current US$),NY.GDP.MKTP.CD,162089563.8,191757729.5,197738207.9,253839557.9,218914569.2,230024160.5,227534083.5,238439290.9,206576630.6,221553612.9,224125805,251437337.8,318664899.6,404285775.1,669894029.6,673311287.1,713510051.5,834722972.2,1029040323,1227446632,1147027924,1157769444,1092923636,1104956573,1054564759,1090611325,1482601552,1906174438,2163252449,2211312823,2689212760,2895354736,3267677814,3307302126,3606050873,4094741652,4481489762,4243755308,4225813976,4402193195,4726108622,4675755867,4906494249,5894873920,6667418752,6576108447,7137710413,8277442915,10127777060,9264513545,10144716155,11677718382,11832323837,12434596541,13230490082,12162211503,12757680847,13896938315,14957535716,14645235205,11566111138,11622048697,12936444123,14072212290,14937861786,
Malawi,MWI,GDP (current US$),NY.GDP.MKTP.CD,,,,,,,,,,,,,,,,,,,,,1801156775,1801193910,1717379495,1780148049,1758028656,1646442273,1722586299,1721711808,2008189508,2314205130,2737087862,3206783830,2618837835,3013392658,1719864761,2033701498,3319573750,3875785863,2547609590,2584478924,2537307580,2498008665,5087328438,4669789300,5058726350,5320409651,5818279739,6451210219,7743617352,9009887947,10128323011,11648142958,8773203178,8031571928,8801326169,9219474379,7909868618,8943543794,9879220354,11051852713,11769313598,12378119199,12429059928,13363669673,11316411329,
Malaysia,MYS,GDP (current US$),NY.GDP.MKTP.CD,1916229477,1901856123,2001489602,2510110348,2674423922,2956337669,3143517944,3188924677,3330371551,3664552041,3864145667,4244395956,5043347250,7662902678,9496204302,9298800799,11050234599,13139488633,16358079862,21213264962,24488224677,25004285792,26804493635,30347442111,33942897422,31199633353,27734111400,32181210158,35272109220,38847965293,44024585240,49143148094,59167550163,66894966969,74478356958,88705342903,1.00855E+11,1.00005E+11,72167498981,79148421053,93789736842,92783947368,1.00846E+11,1.10202E+11,1.24749E+11,1.43534E+11,1.62692E+11,1.9355E+11,2.30812E+11,2.02257E+11,2.55018E+11,2.97952E+11,3.14443E+11,3.23276E+11,3.38066E+11,3.01355E+11,3.01256E+11,3.19109E+11,3.58789E+11,3.65178E+11,3.37456E+11,3.73785E+11,4.07831E+11,3.99949E+11,4.22227E+11,
North America,NAC,GDP (current US$),NY.GDP.MKTP.CD,5.82625E+11,6.03055E+11,6.46056E+11,6.82281E+11,7.3374E+11,7.96652E+11,8.744E+11,9.25612E+11,1.01242E+12,1.09701E+12,1.16168E+12,1.26467E+12,1.39281E+12,1.55741E+12,1.7065E+12,1.85967E+12,2.08107E+12,2.2946E+12,2.57144E+12,2.87174E+12,3.1327E+12,3.51503E+12,3.65922E+12,3.97679E+12,4.39532E+12,4.7062E+12,4.95981E+12,5.28965E+12,5.74723E+12,6.21029E+12,6.56081E+12,6.77229E+12,7.11639E+12,7.43943E+12,7.86905E+12,8.24774E+12,8.70643E+12,9.23547E+12,9.69995E+12,1.03129E+13,1.09992E+13,1.13246E+13,1.16937E+13,1.23562E+13,1.32484E+13,1.42172E+13,1.5141E+13,1.59498E+13,1.63298E+13,1.58593E+13,1.66729E+13,1.73994E+13,1.80887E+13,1.86963E+13,1.93628E+13,1.97692E+13,2.023E+13,2.11337E+13,2.22656E+13,2.31321E+13,2.2723E+13,2.53447E+13,2.78031E+13,2.94741E+13,3.10038E+13,
Namibia,NAM,GDP (current US$),NY.GDP.MKTP.CD,,,,,,,,,,,,,,,,,,,,,2421990338,2249908578,2118710248,2297400688,1951260038,1608237350,1809048527,2300068217,2495094746,2535135798,2789921854,2996869281,3429521699,3251188833,3666503530,3978514206,3989163197,4154989950,3873109866,3868551730,3922232165,3557341215,3349169826,4926439384,6609205995,7248374838,8001779551,8839536476,8607431497,8938847189,11431412421,12523359441,13042053592,12043307277,12435430970,11335161084,10722018732,12895153371,13682019076,12541928303,10583748542,12402486184,12569449123,12408271449,13372354512,
New Caledonia,NCL,GDP (current US$),NY.GDP.MKTP.CD,,,,,,159594492.5,164206536.4,180036767.6,215507162.6,263108841.3,358815684.1,413985778.6,506808996.7,542293399.9,637403478.5,816652164.4,798313521.7,837620126.6,846004687.8,1047225724,1182463951,972564154.8,904599869.7,823857893.2,796066194.7,854820893.6,1201321514,1488093102,2072775508,2185082939,2529440424,2653780672,2923883281,2822243781,3038728385,3628440505,3606968436,3291131281,3556304833,3647802050,3420032041,3297734891,3740056748,4915353827,5895008978,6238629487,6979155388,8819917180,9067619760,8704438102,9364350077,10351448005,9659151917,10151382933,10635035595,8738203074,8724568955,9174048682,9896402284,9475655325,9454629468,10071349664,9623318718,9769167530,8548919387,
Niger,NER,GDP (current US$),NY.GDP.MKTP.CD,449526873.3,485785231,531736599.3,586294878.7,582816396.4,673383510.8,702296078.6,665586872.3,641214226.2,625867985.3,649916621.2,693573703.6,742779660.8,946385105.2,1026137111,1048690933,1064517601,1291458041,1774365590,2109277666,2508524721,2170893414,2017612216,1803099561,1461243326,1440581652,1904096998,2233006105,2280356193,2179567114,3512356508,3285796875,3386232579,3052673849,1938058175,2302537562,2405686940,2290318910,2643363519,2537789821,2241753193,2448714704,2782192879,3394084732,3760443738,4383315965,4756361252,5731485052,7297600226,7352131310,7851192502,8772950778,9426912648,10224897438,10862943544,9683867926,10398861982,11185104252,12837307497,12889555561,13744653103,14915002436,15433852712,16698786978,19876128486,
Nigeria,NGA,GDP (current US$),NY.GDP.MKTP.CD,4196174502,4467287893,4909399176,5165590254,5552931319,5874537650,6366917453,5203237919,5200997920,6634317346,12546094982,9181769912,12274416018,15162871287,24846641318,27778934625,36308883249,36035407725,36527862209,47259911894,64201788123,1.64475E+11,1.42769E+11,97094911792,73484359521,73745821158,54805852581,52676041931,49648470440,44003061108,54035795388,59526833412,52058181854,56721051402,80399613064,1.4092E+11,1.8573E+11,2.0085E+11,2.18416E+11,59145077039,69171451627,73557840064,95054059303,1.04739E+11,1.35765E+11,1.75671E+11,2.38455E+11,2.78261E+11,3.39476E+11,2.95009E+11,3.6699E+11,4.14467E+11,4.63971E+11,5.20117E+11,5.74184E+11,4.93027E+11,4.04649E+11,3.75746E+11,4.21739E+11,6.6822E+11,5.98587E+11,6.09148E+11,6.4695E+11,4.87388E+11,2.52262E+11,
Nicaragua,NIC,GDP (current US$),NY.GDP.MKTP.CD,227223322.1,244144236.7,269283803.7,297324163.1,347119918.2,564290020.4,607140010.5,657140010.7,692859984.6,750000002.9,778569938.8,828569953.5,878570045.5,1092900015,1521400012,1581599959,1836899999,2226999874,2127699979,1567599982,2144300006,2474700227,2454499872,2753100058,3117599872,2683699935,2885799994,3851200118,2630900096,1013184756,1009455484,1488804124,1792800000,1756454248,3863185119,4140470000,4308351903,4389973490,4635347386,4856026259,5109587050,5351752034,5223727303,5322228351,5792932838,6321324279,6763672381,7423375015,8496967597,8298702489,8758602233,9774329333,10532017232,10982988249,11880438824,12756696261,13286093388,13785893007,13025221974,12699023614,12726422432,14209020362,15634572502,17805842284,19693982968,
Netherlands,NLD,GDP (current US$),NY.GDP.MKTP.CD,13282979015,14599836396,15847582341,17193744109,20232048553,22721869808,24741480717,27143828099,30097635751,34086038090,38220884519,44644730576,54787070173,71946639603,87371810804,1.00397E+11,1.09329E+11,1.27204E+11,1.56089E+11,1.79934E+11,1.95439E+11,1.64376E+11,1.58713E+11,1.53671E+11,1.44124E+11,1.44058E+11,2.01158E+11,2.45407E+11,2.62296E+11,2.58717E+11,3.18799E+11,3.27982E+11,3.63497E+11,3.5407E+11,3.79688E+11,4.52967E+11,4.51373E+11,4.17506E+11,4.38613E+11,4.47779E+11,4.17649E+11,4.32536E+11,4.7553E+11,5.82436E+11,6.61225E+11,6.88134E+11,7.37594E+11,8.53499E+11,9.57902E+11,8.78954E+11,8.52465E+11,9.13141E+11,8.45689E+11,8.83952E+11,9.01557E+11,7.75744E+11,7.97164E+11,8.48234E+11,9.29734E+11,9.28903E+11,9.32561E+11,1.05447E+12,1.04654E+12,1.13548E+12,1.21493E+12,
Norway,NOR,GDP (current US$),NY.GDP.MKTP.CD,5197398721,5669689210,6107076929,6553269536,7206522122,8111945661,8753940267,9577383653,10227087165,11136187440,12814123115,14583114840,17358610850,22534253703,27145693810,32877805200,35942270686,41508030431,46522900254,53132244624,64439382896,63596654761,62647195538,61627240831,62057955033,65416879914,78693118044,94229907236,1.019E+11,1.02634E+11,1.19792E+11,1.21872E+11,1.30838E+11,1.20579E+11,1.27131E+11,1.5203E+11,1.6352E+11,1.61357E+11,1.5423E+11,1.62384E+11,1.71457E+11,1.74239E+11,1.95915E+11,2.29385E+11,2.65269E+11,3.09979E+11,3.46915E+11,4.02643E+11,4.64918E+11,3.87976E+11,4.31052E+11,5.01361E+11,5.12777E+11,5.26014E+11,5.01736E+11,3.8816E+11,3.70957E+11,4.01745E+11,4.39789E+11,4.08743E+11,3.67633E+11,5.03368E+11,5.96298E+11,4.8295E+11,4.83593E+11,
Nepal,NPL,GDP (current US$),NY.GDP.MKTP.CD,508334414,531959561.6,574091101.2,496947904.4,496098775.3,735267082.3,906811943.8,841974025.5,772231386.9,788641965.4,865975308.6,882765471.6,1024098400,972101725,1217953547,1575789254,1452788985,1382400000,1604162497,1851250008,1945916583,2275583317,2395423742,2447174803,2581207388,2619913956,2850782044,2957255380,3487009748,3525225787,3627560239,3921476085,3401211581,3660041667,4066775510,4401104418,4521580381,4918691917,4856255044,5033642384,5494252208,6007055042,6050875807,6330473097,7273938315,8130258378,9043715356,10325618017,12545438605,12854985464,16002656434,21573872421,21703100877,22162204925,22731612922,24360801287,24524109484,28971588940,33111525237,34186180699,33433659301,36924841394,41182939601,41047772331,42914268287,
Nauru,NRU,GDP (current US$),NY.GDP.MKTP.CD,,,,,,,,,,,17570366.22,19009433.31,21734268.69,26529816.78,35994511.42,40106775.91,40287427.2,40444701.77,41754147.3,44431330.23,46947124.23,51689636.6,52877742.47,48439093.12,47363231.3,41548740.51,39939390.74,40118409.87,45931133.59,53736786.09,55572375.53,52533788.56,51133123.13,43542088.25,39742511.24,39969705.97,37458801.21,37331507.28,29664450.93,27328612.61,26930980.34,22613287.54,21017423.61,24778159.58,30587565.8,30070666.07,29200359.39,22766972.19,37602264.73,44176245.55,47562844.61,65071879.78,101055723,94385014.94,99149244.4,84863440.58,97541943.04,109355638.9,130995566.3,125160115.5,124685688.2,175390280.7,152373433.9,151435609.6,162588620.6,
New Zealand,NZL,GDP (current US$),NY.GDP.MKTP.CD,5536098360,5721994864,6133158532,6699741645,7340766415,5706251400,5917437693,6016017227,5228045415,5814357709,6495605331,7911136757,9567331065,12802281898,13940981798,12861983284,13604832424,15446825318,18530518395,20731243113,23244547385,24417617184,24164603059,24309279706,21665975319,24679795396,30604668357,40376354070,45176811594,43920222525,45495129385,42745329732,41649829860,46775620817,55314732279,63918703507,70140835299,66075143415,56227169851,58762260626,52623281957,53872425917,66627729311,88250885550,1.03905E+11,1.1472E+11,1.11539E+11,1.37189E+11,1.33437E+11,1.21663E+11,1.46888E+11,1.68485E+11,1.76561E+11,1.91012E+11,2.01518E+11,1.78224E+11,1.891E+11,2.06746E+11,2.11986E+11,2.13006E+11,2.1303E+11,2.53978E+11,2.4951E+11,2.55195E+11,2.60172E+11,
OECD members,OED,GDP (current US$),NY.GDP.MKTP.CD,1.0615E+12,1.13213E+12,1.22416E+12,1.31761E+12,1.44185E+12,1.56649E+12,1.71494E+12,1.8329E+12,1.98802E+12,2.19083E+12,2.40043E+12,2.65938E+12,3.08899E+12,3.73908E+12,4.1942E+12,4.70021E+12,5.0931E+12,5.74406E+12,6.91445E+12,7.98284E+12,8.86595E+12,9.02819E+12,8.88851E+12,9.18852E+12,9.604E+12,1.01102E+13,1.22534E+13,1.4192E+13,1.60016E+13,1.67409E+13,1.88528E+13,1.99623E+13,2.14768E+13,2.18101E+13,2.33172E+13,2.57753E+13,2.59985E+13,2.5613E+13,2.57976E+13,2.71067E+13,2.77109E+13,2.74573E+13,2.86478E+13,3.20445E+13,3.56799E+13,3.77413E+13,3.98314E+13,4.36147E+13,4.63103E+13,4.33307E+13,4.54542E+13,4.89075E+13,4.88484E+13,4.95137E+13,5.05443E+13,4.76472E+13,4.85525E+13,5.06967E+13,5.36521E+13,5.41687E+13,5.28516E+13,5.90248E+13,6.05882E+13,6.46489E+13,6.75001E+13,
Oman,OMN,GDP (current US$),NY.GDP.MKTP.CD,44234656.45,45634487.35,56273202.2,59912762.54,61872525.8,63279974.69,67759972.9,107151832.5,188879848.9,239999808,256319794.9,301010587.1,366883548.3,483066990.6,1645917776,2096699189,2560220035,2741169948,2740301390,3733352635,5981760278,7259120151,7554719456,7932541691,8821443151,10005645420,7324167369,7811183095,8386215865,9372171651,13310273082,12918335501,14183615085,14230429129,14715214564,15722236671,17402080624,18039791938,16044213264,17832769831,22259557867,22205721717,23065539662,24733680104,28378933680,35506892068,42577633290,48300390117,69804681404,55454096229,64993498049,77497529259,87408842653,89936020806,92699089727,78710793238,75128738622,80856697009,91505851756,88060858257,75909492848,87323797139,1.09853E+11,1.06175E+11,1.07137E+11,
Other small states,OSS,GDP (current US$),NY.GDP.MKTP.CD,,,,,,,,,,,,,,,,7536675204,8756552569,10751088166,12466371861,16393627219,24469509824,22822814057,21876317951,20072665046,19829824800,19321547628,19271096442,24115018695,25998041841,26569541981,31954015146,33550913339,36340445475,34799288269,36855488520,43750838198,44988678306,45001855691,45175657738,47126365701,47447997553,47626338324,52120882271,64819023763,76946971608,86284116802,95906051122,1.15441E+11,1.25085E+11,1.07801E+11,1.12787E+11,1.28764E+11,1.25761E+11,1.30969E+11,1.35416E+11,1.21434E+11,1.28159E+11,1.43285E+11,1.58074E+11,1.5853E+11,1.46158E+11,1.72038E+11,1.8186E+11,1.96616E+11,2.08127E+11,
Pakistan,PAK,GDP (current US$),NY.GDP.MKTP.CD,3749265015,4118647627,4310163797,4630827383,5204955901,5929231415,6561108778,7464510710,8041999160,8683116338,10027509450,10665896682,9415016360,6383429490,8899191919,11230606061,13168080808,15126060606,17811515152,19688383838,23654444444,28100606061,30725971564,28691889764,31151825467,31144920844,31899070056,33351529275,38472742808,40171106279,40010423970,45625336680,48884671947,51809999353,52293470813,60636071684,63320170084,62433340468,62191955814,62973857069,99484802345,97145618480,97923302809,1.12372E+11,1.32216E+11,1.45209E+11,1.61871E+11,1.84141E+11,2.02204E+11,1.87338E+11,1.9671E+11,2.30587E+11,2.50107E+11,2.58657E+11,2.7139E+11,2.99964E+11,3.1363E+11,3.39206E+11,3.56128E+11,3.20909E+11,3.00426E+11,3.48517E+11,3.7489E+11,3.36686E+11,3.7157E+11,
Panama,PAN,GDP (current US$),NY.GDP.MKTP.CD,537147100,599026300,652120900,722784500,776137500,852485300,928833000,1034376400,1112791100,1221305700,1351006400,1523917200,1673411700,1913793400,2188307600,2435304100,2588106000,2738261900,3244558600,3704551600,4614086400,5222421500,5769767900,5923755900,6183387100,6541517100,6797834200,6827665300,5902783400,5918469800,6433967000,7074675500,8042337700,8782585400,9365289800,9573813700,9197503323,10058854386,11019557689,11660704777,11966497049,12252906341,12800851271,13603456003,15100203362,16623906739,18659721513,21717433808,25721327955,27791215547,30231009533,35687738252,41595439721,46949496479,51427104882,55767806073,59760858718,64327688826,67316471181,69778991193,57059846522,67396392506,76479304471,83812155244,86523959132,
Peru,PER,GDP (current US$),NY.GDP.MKTP.CD,2571986572,2897852693,3284322201,3598272493,4353664867,5163008077,6109048737,6194340080,5736083835,6420909790,7432223177,8289582884,9189413409,10994381895,13858441211,16931162355,16131958851,14544913961,12491876743,15954012439,18136838538,21648214893,21794535621,17345260564,17600400385,15078736875,21859448586,36889706593,15439408447,22499558526,26410386963,34341465998,35966302303,34832077221,44882079767,53312793687,55252414130,58147522523,55501467877,50187324568,51744749133,52030158775,54777553515,58731030122,66768703498,76060606061,88643193062,1.02171E+11,1.20551E+11,1.20823E+11,1.47528E+11,1.71762E+11,1.9265E+11,2.01176E+11,2.00786E+11,1.89803E+11,1.91898E+11,2.11008E+11,2.22597E+11,2.28346E+11,2.0141E+11,2.26329E+11,2.46066E+11,2.66959E+11,2.89222E+11,
Philippines,PHL,GDP (current US$),NY.GDP.MKTP.CD,7515894111,8171194425,4954593072,5505023238,5953756195,6517349772,7189017888,7724873935,8632749269,9571800653,7559115517,8375075630,9067815521,11412449735,15607882555,16875240684,19381055197,22283109803,25762224563,31218296292,36848080899,40499388869,42206011275,37759179895,35730185634,34961486348,33987207295,37791488666,43152128959,48513773721,50508286642,51784144943,60422328242,62036529147,73159336915,84644328727,94648084429,94106317565,74492416330,85640171045,83669788377,78921234458,84307345888,87039092974,95001999685,1.0742E+11,1.27653E+11,1.5598E+11,1.81625E+11,1.75975E+11,2.08369E+11,2.34217E+11,2.61921E+11,2.83903E+11,2.97484E+11,3.06446E+11,3.18627E+11,3.28481E+11,3.46842E+11,3.76823E+11,3.61751E+11,3.94087E+11,4.04353E+11,4.37056E+11,4.61618E+11,
Palau,PLW,GDP (current US$),NY.GDP.MKTP.CD,,,,,,,,,,,11563041,12706874,13956474,15331889,16848759,18521112,20364420,22308104,24530015,27004251,29728054,32726594,36027583,39661530,44814259,51030637,58109314,66169905,75348615,85800543,97702303,106555300,104771300,96455700,106138500,121018500,137494600,143860800,149079600,144206500,149551483.2,159446228,162658721.9,154566787.7,166363739,190961685.2,193611358.6,200789764.4,201067733.8,189854705.8,188042373.7,198742370.6,215616882.3,224110611,245591095,287057525.6,305227020.3,292148590.1,287998352.1,282041290.3,261688507.1,231343460.1,243826812.7,276733062.7,,
Papua New Guinea,PNG,GDP (current US$),NY.GDP.MKTP.CD,230496036.9,244832039.2,261184041.8,275968044.2,305312048.8,344176055.1,390992062.6,441728182.7,485184189.6,551263864.2,645568215.3,717750278.1,858761926.1,1299079410,1467417672,1356603608,1511843235,1640746619,1947878831,2293760511,2545808456,2498190847,2368719683,2562351551,2552662617,2423339172,2647995602,3143851794,3656177881,3546472566,3219729083,3787394958,4377980510,4974550286,5502786070,4636057476,5155311077,4936615299,3789443015,3477038204,3521339699,3081024212,2999511040,3536411824,3927157867,4865892972,8354911041,9545028944,11670892801,11619456449,14250786675,17985138066,21295168666,21261338065,23210823987,21723437010,20758876953,22742699138,24109780708,24750626030,23848447850,26109413521,31653185953,30816367067,31800428266,
Poland,POL,GDP (current US$),NY.GDP.MKTP.CD,,,,,,,,,,,,,,,,,,,,,,,,,,,,,,,65977748211,85500935935,94337050693,96043157273,1.10804E+11,1.42839E+11,1.60813E+11,1.59894E+11,1.75282E+11,1.70704E+11,1.72954E+11,1.91823E+11,1.99694E+11,2.18561E+11,2.56269E+11,3.07E+11,3.45898E+11,4.29715E+11,5.35612E+11,4.40891E+11,4.78112E+11,5.27849E+11,4.98149E+11,5.1818E+11,5.42134E+11,4.80054E+11,4.7326E+11,5.28357E+11,5.94617E+11,6.02684E+11,6.05914E+11,6.8917E+11,6.95607E+11,8.12451E+11,9.17767E+11,
Pre-demographic dividend,PRE,GDP (current US$),NY.GDP.MKTP.CD,24364156194,25256725916,27666238152,31983402735,30268695832,33350877902,36463686476,34694458408,37417938618,42086630831,47414033707,46895053548,55102867456,67902484336,93597653616,1.06608E+11,1.24631E+11,1.37555E+11,1.56118E+11,1.92717E+11,2.38217E+11,3.25165E+11,3.08203E+11,2.55682E+11,2.38958E+11,2.47848E+11,2.14951E+11,2.31284E+11,2.42239E+11,2.44959E+11,3.97041E+11,2.24731E+11,1.74865E+11,1.82711E+11,1.90512E+11,2.80322E+11,3.39779E+11,3.72343E+11,3.94008E+11,2.45466E+11,2.83218E+11,2.69596E+11,3.12135E+11,3.40469E+11,4.24234E+11,5.31122E+11,6.68501E+11,8.08147E+11,1.00876E+12,9.14568E+11,1.06903E+12,1.23691E+12,1.3462E+12,1.47656E+12,1.56425E+12,1.32763E+12,1.1788E+12,1.2326E+12,1.37202E+12,1.63463E+12,1.49428E+12,1.63393E+12,1.86079E+12,1.68024E+12,1.5108E+12,
Puerto Rico (US),PRI,GDP (current US$),NY.GDP.MKTP.CD,1691900000,1865100000,2094400000,2333600000,2570500000,2881500000,3170500000,3532700000,3941700000,4460700000,5034700000,5646800000,6328900000,7002400000,7684800000,8198300000,8968600000,9910900000,11165000000,12750000000,14436100000,15955700000,16764200000,17276600000,19162600000,20289200000,22009300000,24025800000,26385800000,28161200000,30603919000,32287031000,34630430000,36922456000,39690630000,42647331000,45340835000,48187039000,54086400000,57841000000,61701800000,69208400000,71623500000,74827400000,80322313000,83914521300,87276164400,89524131600,93639300000,96385600000,98381300000,1.00352E+11,1.01565E+11,1.0245E+11,1.02446E+11,1.03376E+11,1.04337E+11,1.03446E+11,1.00958E+11,1.05126E+11,1.03131E+11,1.06427E+11,1.13844E+11,1.18479E+11,1.2603E+11,
"Korea, Dem. People's Rep.",PRK,GDP (current US$),NY.GDP.MKTP.CD,,,,,,,,,,,,,,,,,,,,,,,,,,,,,,,,,,,,,,,,,,,,,,,,,,,,,,,,,,,,,,,,,,
Portugal,PRT,GDP (current US$),NY.GDP.MKTP.CD,3339150158,3573719085,3835883663,4084251593,4429202657,4901711248,5370108031,6002607030,6644693214,7287555035,8108235704,9201604240,11239117865,15090564186,17512391476,19347607843,20332831565,21439523311,23487614051,26622819672,32896519824,31977276873,30527754793,27239650742,25217969050,27115807742,38745901354,48182925857,56347250696,60594092182,78713860217,89233599278,1.07592E+11,95009751901,99688641304,1.18122E+11,1.2263E+11,1.17017E+11,1.23946E+11,1.2747E+11,1.18605E+11,1.21604E+11,1.34796E+11,1.65226E+11,1.89382E+11,1.97254E+11,2.08756E+11,2.40496E+11,2.63416E+11,2.44668E+11,2.38444E+11,2.45427E+11,2.16537E+11,2.26677E+11,2.30079E+11,1.99039E+11,2.06305E+11,2.20863E+11,2.42093E+11,2.40116E+11,2.29619E+11,2.56056E+11,2.56899E+11,2.92324E+11,3.13271E+11,
Paraguay,PRY,GDP (current US$),NY.GDP.MKTP.CD,288884368,322053713.2,360698412.7,383904761.9,408349206.3,443587301.6,465888888.9,492674603.2,517650793.7,556293650.8,594611111.1,664571428.6,769039682.5,995531746,1333475397,1511420635,1698960317,2092158730,2559857143,3416777778,4448087302,5624515873,5419411765,5673248726,4502462807,3282449236,3723993943,3971044724,4255683528,4757732200,5812114523,6984367763,7157424031,7249533620,7870982005,9062131475,9788391781,9965225678,9260481572,8837070236,8855705140,8495806432,7196260657,7691367471,9624440836,10737500188,13429430050,17856393235,24615267664,22355151162,27260886405,33756238766,33271921136,38501122141,40377929296,36211447840,36089700223,38997129474,40225448341,37925338329,35432178068,39950899939,41952910858,43118053175,44458118397,
West Bank and Gaza,PSE,GDP (current US$),NY.GDP.MKTP.CD,,,,,,,,,,,,,,,,,,,,,,,,,,,,,,,,,,,2843300000,3282800000,3409600000,3759800000,4067800000,4271200000,4313600000,4003700000,3555800000,3968000000,4603100000,5125700000,5348300000,5815700000,7310400000,8085700000,9681500000,11186100000,12208400000,13515500000,13989700000,13972400000,15405400000,16128000000,16276600000,17133500000,15531700000,18109000000,19165500000,17847900000,13711100000,
Pacific island small states,PSS,GDP (current US$),NY.GDP.MKTP.CD,,,,,,,,,,,423802353.2,477298982.4,565885771.7,757316230.7,1027747650,1136928462,1137538860,1196696801,1371556833,1652934749,1890599862,1955541041,1925494376,1843535003,1938376709,1862560930,2030345447,1986467978,2046486236,2132424515,2385132399,2529727433,2776997612,2916179027,3414639448,3704482553,3969814413,3979427588,3430045709,3741318814,3444510978,3387243162,3551511825,4235417104,4871855228,5408552592,5676286531,6254737580,6698070453,6037139997,6641384396,7750253720,8215475283,8541905878,9287744622,9105865615,9556119494,10290493043,10796141328,10624838178,9323221713,9453908128,10350119920,11224282183,12124739863,
Post-demographic dividend,PST,GDP (current US$),NY.GDP.MKTP.CD,1.03685E+12,1.10453E+12,1.19489E+12,1.2856E+12,1.40457E+12,1.52739E+12,1.67105E+12,1.78581E+12,1.93681E+12,2.13371E+12,2.34098E+12,2.59863E+12,3.01721E+12,3.64903E+12,4.07684E+12,4.5689E+12,4.95642E+12,5.60099E+12,6.74712E+12,7.7528E+12,8.57908E+12,8.67849E+12,8.63901E+12,8.96548E+12,9.36768E+12,9.86268E+12,1.20574E+13,1.39796E+13,1.5749E+13,1.6447E+13,1.84523E+13,1.94637E+13,2.08834E+13,2.10353E+13,2.25319E+13,2.50037E+13,2.51237E+13,2.4632E+13,2.47296E+13,2.59797E+13,2.64385E+13,2.6184E+13,2.73134E+13,3.06287E+13,3.40397E+13,3.58321E+13,3.77141E+13,4.11694E+13,4.36069E+13,4.1066E+13,4.28351E+13,4.6024E+13,4.59425E+13,4.64138E+13,4.73523E+13,4.47675E+13,4.57756E+13,4.77345E+13,5.06075E+13,5.11074E+13,4.99791E+13,5.56675E+13,5.69534E+13,6.03422E+13,6.27878E+13,
French Polynesia,PYF,GDP (current US$),NY.GDP.MKTP.CD,,,,,,176534588.4,215659453.6,220984367.6,259590074.5,242943783.1,254036000.8,296865513.7,326433558.1,431252938.1,555340842.9,690323388.5,732288906.3,793196378.7,1005569835,1215032464,1320416025,1234743073,1235897958,1284180701,1325515445,1448281228,2212028300,2677977163,2723496362,2731683484,3320159522,3410078968,3713785765,3544608548,3676123788,4186994249,4166072830,3762859093,3903186593,3911602004,3599845480,3573808556,3965405553,4927780607,5564109982,5705052135,5877997980,6631156406,7136741422,6584557974,6086644799,6203940037,5692858099,6031827123,6151996561,5325846362,5497036477,5833352693,6135116253,6022276196,5574821989,5994931236,5622688338,6137447783,6323716355,
Qatar,QAT,GDP (current US$),NY.GDP.MKTP.CD,,,,,,,,,,,301791301.8,387703105.5,510262500.2,793885560,2401403227,2512773166,3284273987,3617564638,4052000413,5632962997,7829165262,8661263764,7596703214,6467582308,6704395824,6153296456,5053021951,5446428681,6038187033,6487912088,7360439423,6883516484,7646153984,7156593654,7374450769,8137911978,9059340385,11297802115,10255495027,12393131868,17759890110,17538461538,19363736264,23533791209,31734065934,44530494505,60882142857,79712087912,1.1527E+11,97798351648,1.23627E+11,1.67775E+11,1.86834E+11,1.98728E+11,2.06225E+11,1.6174E+11,1.51732E+11,1.61099E+11,1.83335E+11,1.76371E+11,1.44412E+11,1.79732E+11,2.35709E+11,2.17309E+11,2.19163E+11,
Romania,ROU,GDP (current US$),NY.GDP.MKTP.CD,,,,,,,,,,,,,,,,,,,,,,,,,,,,38067567568,40424528302,41450777202,38247882300,28850634900,25121666667,26361160450,30072805104,37430162103,36937074278,35575214078,41696091974,35953156754,37253739511,40395116581,46065502703,57806384143,74973656852,98454380120,1.22024E+11,1.74589E+11,2.14316E+11,1.74111E+11,1.70064E+11,1.92624E+11,1.79117E+11,1.89799E+11,1.99722E+11,1.77885E+11,1.85291E+11,2.10147E+11,2.41791E+11,2.5008E+11,2.50625E+11,2.85071E+11,2.95319E+11,3.47758E+11,3.82564E+11,
Russian Federation,RUS,GDP (current US$),NY.GDP.MKTP.CD,,,,,,,,,,,,,,,,,,,,,,,,,,,,,5.54829E+11,5.06631E+11,5.17014E+11,5.17963E+11,4.60291E+11,4.35084E+11,3.95077E+11,3.95537E+11,3.91725E+11,4.04929E+11,2.70955E+11,1.95907E+11,2.5971E+11,3.06602E+11,3.4547E+11,4.30347E+11,5.91017E+11,7.64016E+11,9.89932E+11,1.2997E+12,1.66085E+12,1.22265E+12,1.52492E+12,2.04592E+12,2.20829E+12,2.29247E+12,2.05924E+12,1.36348E+12,1.27679E+12,1.5742E+12,1.65733E+12,1.69312E+12,1.49308E+12,1.82919E+12,2.29161E+12,2.07151E+12,2.17384E+12,
Rwanda,RWA,GDP (current US$),NY.GDP.MKTP.CD,119000024,122000016,125000008,128000000,129999994,148799980,124525702.9,159560018,172200018,188700037,219900006,222952504.4,246457838.3,290746157.1,308458423.2,571863500.2,637753853.1,746650613,905709076.4,1109346131,1254765642,1407062527,1407243139,1479687587,1587413084,1715626331,1944710684,2157432668,2395492687,2405022593,2550185679,1911600237,2029026962,1971525712,753636370.5,1293535193,1382334879,1851558197,1989343546,2157108263,2068836754,1966600715,1966003468,2138237279,2376496067,2933819766,3319784539,4070507895,5179854065,5674476969,6124756654,6884913658,7654761050,7819964030,8238966124,8543760200,8695272058,9252833891,9637904521,10349300277,10174386857,11078787090,13316161002,14331722703,14251642235,
South Asia,SAS,GDP (current US$),NY.GDP.MKTP.CD,43270012739,46076379864,49304727903,55539363102,63741466509,67970199333,54738691617,60155334542,63211416561,69748993758,74658791270,79443177466,81426298287,97561887958,1.16964E+11,1.23401E+11,1.17989E+11,1.36743E+11,1.5504E+11,1.73921E+11,2.10608E+11,2.20616E+11,2.26595E+11,2.43701E+11,2.39973E+11,2.63679E+11,2.80349E+11,3.13355E+11,3.34075E+11,3.35791E+11,3.6474E+11,3.14469E+11,3.33546E+11,3.27009E+11,3.77443E+11,4.16342E+11,4.58508E+11,4.84983E+11,4.92856E+11,5.31826E+11,5.44941E+11,5.62554E+11,5.93707E+11,6.94776E+11,8.0416E+11,9.2442E+11,1.05188E+12,1.34215E+12,1.34738E+12,1.50296E+12,1.86983E+12,2.04574E+12,2.05796E+12,2.1111E+12,2.32306E+12,2.4145E+12,2.67931E+12,3.07596E+12,3.15984E+12,3.31848E+12,3.17277E+12,3.71705E+12,3.93064E+12,4.2103E+12,4.5123E+12,
Saudi Arabia,SAU,GDP (current US$),NY.GDP.MKTP.CD,1748124064,1920811284,2130606532,2207393172,2371808713,2647955558,2920555557,3257022223,4187777711,4485777644,5377333333,7184806909,9664267087,14947435499,45412957746,46773208643,64005665722,74188986586,80266516687,1.11858E+11,1.6454E+11,1.84291E+11,1.5324E+11,1.29172E+11,1.19625E+11,1.03898E+11,86961922765,85695861148,88256074766,95344459279,1.1763E+11,1.32223E+11,1.37088E+11,1.32968E+11,1.35175E+11,1.43343E+11,1.58662E+11,1.65964E+11,1.46775E+11,1.61717E+11,1.89515E+11,1.84138E+11,1.89606E+11,2.15808E+11,2.58742E+11,3.2846E+11,3.769E+11,4.15965E+11,5.19797E+11,4.29098E+11,5.28207E+11,6.80661E+11,7.51921E+11,7.69756E+11,7.87153E+11,6.93414E+11,6.89279E+11,7.41266E+11,8.86565E+11,8.8889E+11,7.67951E+11,9.82661E+11,1.23908E+12,1.21858E+12,1.2398E+12,
Sudan,SDN,GDP (current US$),NY.GDP.MKTP.CD,1126364162,1222860429,1328259625,1351234926,1388282600,1446869619,1484491676,1607409539,1677771401,1847501441,2100229759,2288340041,2483055722,3077254460,3958931660,4823090192,6013210816,7499005639,8128719315,8418407787,8951800000,10753888154,8732542274,8230153846,10447615385,8075259600,10092200000,12093333333,14372555556,21408111111,33641222222,44171194366,7031933492,8881005436,12793794737,13830363900,9018300725,11681175864,11250221537,10682028340,12257299147,15716361792,18137128388,21355298460,26646007251,35182711988,45263831634,59440139775,64833083257,51621044077,58962978034,55018567211,37632919967,43024018082,49516748618,51726758677,42630376000,41283617976,32333780383,32338079165,27034593750,34229513775,51666875363,39898289821,49672435513,
Senegal,SEN,GDP (current US$),NY.GDP.MKTP.CD,1003692370,1058975257,1085475791,1122139862,1188930645,1210058228,1246908186,1246480766,1309384862,1245234931,1297407655,1339549033,1620857104,1863398590,2099325229,2830388405,2869777884,2938046463,3280354921,4084877823,4510108291,4095892781,4013951443,3569356125,3485165432,3818944918,5392093446,6487353103,6418419389,6366039373,7390967360,7255210470,7769817840,7367986241,5034588196,6326342633,6559712166,6041478726,6505607909,6592834933,6013185004,6507824829,7006402320,8768721563,10076816667,11009033438,11697918243,13994218413,16853989628,16145867495,16121315909,17814283639,17660870412,18918667725,19797253440,17774766696,19040312333,20996562944,23116701556,23403995992,24530513038,27520784130,27783332223,30696331296,32808056601,
Singapore,SGP,GDP (current US$),NY.GDP.MKTP.CD,704751700.3,764629788.1,826239211.8,917608012.5,894153311.4,974644096.1,1096425608,1238035816,1425706091,1659893768,1920574150,2263785444,2721440981,3696213333,5221534956,5633673930,6327077974,6618585074,7517176355,9296921724,11896256783,14175228844,16084252378,17784112150,19749361098,19156532746,18586746057,20919215578,25371462488,30465364739,36144336769,45466164978,52131320033,60603815716,73688724431,87812540788,96293086513,1.00124E+11,85728207782,86286849755,96076539926,89793790670,92538372870,97646401096,1.15034E+11,1.27808E+11,1.48627E+11,1.80942E+11,1.93617E+11,1.9415E+11,2.39808E+11,2.79356E+11,2.95093E+11,3.07576E+11,3.14864E+11,3.07999E+11,3.19646E+11,3.43673E+11,3.77124E+11,3.76162E+11,3.49166E+11,4.36591E+11,5.09018E+11,5.0544E+11,5.47387E+11,
Solomon Islands,SLB,GDP (current US$),NY.GDP.MKTP.CD,,,,,,,,25203524.03,28084252.76,28606411.4,,50056882.82,40606712.05,55272108.84,84539332.28,74620320.03,83100834.31,93145283.36,111027427.2,151276496.5,182852106.5,193750540.7,192902018.7,181220399,181570473.8,165524943.5,147620047.7,155128542.4,176494394,172882410.6,214877666.8,227540473.3,269034595.8,300746361.1,402837005.3,469443201.5,510586430.2,526554006,457579840.2,488024514.4,419842674.2,409508553,346406738.9,417666638.6,468000121.3,552881356.7,617257457.8,695291218,776335523.5,805557289.5,898128551.3,1063898227,1185217634,1285905958,1335576763,1307908814,1379486291,1469790526,1615473250,1619150564,1536143428,1558312104,1466670930,1506124566,1583964704,
Sierra Leone,SLE,GDP (current US$),NY.GDP.MKTP.CD,322009961.5,327834190.6,342721416.5,348547278.8,371847461.4,359379856.2,375479849.8,348795303,329859731.9,408690163.5,434410973.8,419549304.7,465381339.7,575230724.4,648590642.9,679336343.6,594895941.9,691777584,960728338.9,1109374911,1100685845,1114830472,1295361886,995104305.3,1087471862,856890459.4,490181456.6,660106336.1,1055083933,932974420.3,649644097.6,779981987.1,679940813.9,768867883,911853802.4,870740291.5,941709422.5,850232760,672368187.1,669386624,635866403.8,1681473894,1933863911,2142618046,2237350687,2545275313,3263697467,3632957611,4157895298,3953403098,4262805967,4861632885,6141666509,7502762863,7686138791,6788352975,6084297211,5749846528,6390514689,6523577594,6688307703,7166931485,7121125278,6415852767,6971127235,
El Salvador,SLV,GDP (current US$),NY.GDP.MKTP.CD,,,,,,877720000,929520000,976200000,1009760100,1049400000,1132920000,1186120000,1263720000,1442320000,1665880000,1884120100,2328280100,2941640100,3127960000,3463639900,3573959900,3437200200,3399189100,3506347800,3661683400,3800368600,3771663200,3958045800,4189880000,4372215300,4817542204,5252342400,5813399300,6680269200,7679384000,8921947100,9586327800,10221705900,10936669900,11284197000,11784927700,12282533600,12664190300,13243892200,13724810900,14698000000,15999890000,17011750000,17986890000,17601620000,18447920000,20283780000,21386150000,21990960000,22593470000,23438240000,24191430000,24979190000,26020850000,26881140000,24921190000,29043140000,31870120000,33853940000,35364960000,
San Marino,SMR,GDP (current US$),NY.GDP.MKTP.CD,,,,,,,,,,,,,,,,,,,,,,,,,,,,,,,,,,,,,,976606910.6,1048316226,1109473368,1007661367,1059529812,1148872072,1462590267,1715340543,1786514058,1909765165,2188654628,2403213305,2064277126,1881191925,1813717439,1604701299,1678741475,1673911426,1419401071,1468343140,1528620346,1655353653,1616340692,1541248249,1855652786,1829211864,2027527228,,
"Somalia, Fed. Rep.",SOM,GDP (current US$),NY.GDP.MKTP.CD,180459936.8,191659914.4,203531927.5,216145935.9,229529912.7,243725898,257375897,271781886.8,286719885.3,306357284.6,347985394.3,347039445.7,447883941.2,483699610.6,572504035.9,757015878.8,871344245.1,498550724.6,564571823.2,589566929.1,602515548.5,699302473.1,774578932,735408641.8,787434541.7,875702247.2,916590786.3,1018972664,1051596967,1181360844,1031282081,717974929.8,709297578.5,1260132956,1481205098,1534756135,1792234297,2191749014,2962047564,3045751528,3412797450,2252847465,2192684135,2836724352,3859592813,4683246454,5026743282,5430713729,5913620293,2948594552,2687807004,2906000097,4364670160,5062881600,5728399720,6152149100,6613743070,7621501710,7873000000,8656000000,8628000000,9483000000,10203000000,10958000000,11967000000,
Serbia,SRB,GDP (current US$),NY.GDP.MKTP.CD,,,,,,,,,,,,,,,,,,,,,,,,,,,,,,,,,,,,17921892655,23277430168,27153408995,21004077441,20878694851,7326373882,13599378662,17930583571,23593044418,26845632342,28334256181,33298057362,44888028946,54220641202,46955984410,43536629233,51251098408,45103269969,50455529604,49114321280,41297410635,42225495910,45972834714,52787520249,53864693665,55874017669,66159884073,66809895701,81343999280,90097765959,
Sub-Saharan Africa (excluding high income),SSA,GDP (current US$),NY.GDP.MKTP.CD,34318581555,35775152382,38743773907,44252709651,43834461491,48308630395,52377020048,52285172403,55967306234,63402019319,70861621390,72751099714,82091677366,1.0509E+11,1.33953E+11,1.47548E+11,1.59631E+11,1.75173E+11,1.96493E+11,2.32171E+11,2.92958E+11,3.97377E+11,3.68486E+11,3.29002E+11,2.93477E+11,2.7837E+11,2.59861E+11,2.91517E+11,3.07147E+11,3.12233E+11,3.66869E+11,3.92434E+11,3.54645E+11,3.60285E+11,3.70569E+11,4.72706E+11,5.2826E+11,5.55912E+11,5.58197E+11,3.96098E+11,4.19896E+11,4.02042E+11,4.40921E+11,5.56578E+11,6.91867E+11,8.23669E+11,9.72568E+11,1.1245E+12,1.27298E+12,1.20867E+12,1.4387E+12,1.61794E+12,1.6729E+12,1.77651E+12,1.84591E+12,1.62449E+12,1.46185E+12,1.59409E+12,1.71367E+12,1.95201E+12,1.80233E+12,2.03024E+12,2.16746E+12,1.97954E+12,1.82717E+12,
South Sudan,SSD,GDP (current US$),NY.GDP.MKTP.CD,,,,,,,,,,,,,,,,,,,,,,,,,,,,,,,,,,,,,,,,,,,,,,,,,14586253383,12231264525,14602072411,14907308933,11931472169,18426469017,13962212847,11997800760,,,,,,,,,,
Sub-Saharan Africa,SSF,GDP (current US$),NY.GDP.MKTP.CD,35992821735,37521652880,40553510690,46127211026,45891005946,50543636348,54780137859,54842900794,58686298468,66258274672,73998855804,76078810558,85727757472,1.0928E+11,1.38642E+11,1.52221E+11,1.64674E+11,1.80959E+11,2.02653E+11,2.38924E+11,3.00099E+11,4.04964E+11,3.76485E+11,3.37928E+11,3.01936E+11,2.8831E+11,2.7024E+11,3.02632E+11,3.1869E+11,3.2439E+11,3.79792E+11,4.06697E+11,3.65899E+11,3.69858E+11,3.78182E+11,4.81079E+11,5.3753E+11,5.65283E+11,5.66816E+11,4.04652E+11,4.28789E+11,4.10936E+11,4.49501E+11,5.6592E+11,7.02843E+11,8.36994E+11,9.88873E+11,1.14524E+12,1.30103E+12,1.24196E+12,1.46962E+12,1.65096E+12,1.7173E+12,1.82549E+12,1.90291E+12,1.68802E+12,1.5319E+12,1.67213E+12,1.7988E+12,2.04571E+12,1.90239E+12,2.1408E+12,2.29262E+12,2.1176E+12,1.97908E+12,
Small states,SST,GDP (current US$),NY.GDP.MKTP.CD,,,,,,,,,,,4890889497,5468619820,6351288901,7975691955,12697499906,13756779385,15045613015,18115910570,20865461499,26701110584,37297800330,37080220828,37651257006,35757123310,36203727886,35762826952,33618097085,38725831003,41025318188,41503137702,47935378887,50019032461,53255036349,51480858165,55018329444,63080936166,65815856152,69056214799,70249508111,74261596905,76518051458,77518242612,83414441022,99643830273,1.15417E+11,1.29917E+11,1.45908E+11,1.71435E+11,1.89079E+11,1.61752E+11,1.72476E+11,1.93343E+11,1.94404E+11,2.01576E+11,2.08778E+11,1.93085E+11,1.95789E+11,2.13265E+11,2.30122E+11,2.3134E+11,2.08802E+11,2.44179E+11,2.70716E+11,2.87375E+11,3.10642E+11,
Sao Tome and Principe,STP,GDP (current US$),NY.GDP.MKTP.CD,,,,,,,,,,,37211826.09,37288845.21,41430256.81,56011244.74,57817591.46,60101709.85,52039421.2,49207692.32,55044562.8,65755928.14,81662231.03,83499263.5,80307762.62,75110289.18,78213795.93,82733069.44,115928906.7,115952925.5,99000764.39,98545367.04,119297932.8,107484142.7,94861780.62,125742228.8,131338414.6,103695236.8,135188165.7,91920274.24,72285403.84,77302211.92,76198394.82,75951133.38,85171073.88,102085769.1,114582283.9,136450662.4,142775104.1,149146918.9,188021165,200668065,190021192.5,226455001.2,225815131.9,267041747.6,293119143.2,259999643,292267272.2,322002845.2,383717327.8,412976082.6,471229484.6,524402455.5,540809499.2,690456806.7,822154621.1,
Suriname,SUR,GDP (current US$),NY.GDP.MKTP.CD,99650000,107700000,116150000,125950000,134400000,154150000,190350000,220700000,241350000,259650000,274900000,301000000,311950000,339450000,409850000,465500000,505500000,641500000,735500000,782500000,795000000,889000000,915000000,883500000,864000000,873000000,891000000,980000000,1161000000,542600000,388400000,448100000,404600000,428764705.9,605492537.3,691590497.7,861372806.2,926422500,1110850000,886290697.7,947671969.7,834279357.8,1093574468,1274190311,1484092538,1793410397,2626380435,2936612022,3532969035,3875409836,4368370998,4422276622,4980000000,5145757576,5240606061,5126237646,3317421648,3591679431,3996198867,4016040575,2911807496,3107923198,3791603200,3472693412,4416775112,
Slovak Republic,SVK,GDP (current US$),NY.GDP.MKTP.CD,,,,,,,,,,,,,,,,,,,,,,,,,,,,,,,12915046978,14459924589,15699327209,16737973764,20428139756,26180022222,28197790875,27844628979,29976207629,30496272225,29215726005,30726659551,35243658399,46616149117,57215475076,62547753148,70751813443,86587749518,1.0083E+11,89342984698,91112160801,99705104723,94724394278,99134277850,1.01713E+11,89178548717,90347173229,95978130735,1.06612E+11,1.05843E+11,1.07733E+11,1.20511E+11,1.15793E+11,1.33579E+11,1.40934E+11,
Slovenia,SVN,GDP (current US$),NY.GDP.MKTP.CD,,,,,,,,,,,,,,,,,,,,,,,,,,,,,,,19832029087,14454495059,14277261541,14449298372,16400767070,21367422159,21470699363,20726878752,22058635314,22609669084,20159190702,20668868707,23214593516,29360575032,34156553313,35947936824,39260368837,47880266543,55509332322,49975540955,47793117241,51199194599,46167053954,47867056859,49514466380,42709468275,44290685824,48153200135,53689067640,53909922736,53384760135,61540813362,59899117741,69255264238,72972015197,
Sweden,SWE,GDP (current US$),NY.GDP.MKTP.CD,15930075467,17329620585,18794066990,20342131882,22685490195,24963947415,27154716721,29474881506,31277871669,33967301561,38037226668,41506151115,48883173400,59318842992,65917634590,82765232648,89232517046,94331782622,1.04291E+11,1.23208E+11,1.41886E+11,1.29499E+11,1.14215E+11,1.04862E+11,1.09043E+11,1.13958E+11,1.5028E+11,1.82744E+11,2.06687E+11,2.17632E+11,2.61467E+11,2.73831E+11,2.83909E+11,2.12645E+11,2.28699E+11,2.6705E+11,2.9195E+11,2.6825E+11,2.70887E+11,2.74318E+11,2.62904E+11,2.42498E+11,2.67372E+11,3.34072E+11,3.84545E+11,3.91688E+11,4.22528E+11,4.90048E+11,5.14614E+11,4.34312E+11,4.92751E+11,5.70539E+11,5.4974E+11,5.84125E+11,5.77728E+11,5.01602E+11,5.13058E+11,5.35172E+11,5.49649E+11,5.30894E+11,5.44266E+11,6.31693E+11,5.75071E+11,5.78991E+11,6.03715E+11,
Eswatini,SWZ,GDP (current US$),NY.GDP.MKTP.CD,35076845.97,43026042.79,45927961.63,54129438.35,64980554.01,70279971.89,76859969.26,74759970.1,79799968.08,105419957.8,112139955.1,136462080.7,146736479.2,221915127.6,264320941,288299788.5,272550068.1,304060076,340630085.2,412093133.8,541976852.6,570774824.8,537568059.4,555336145.8,494483408.9,360079419.4,449140318.4,584126092.3,692026454.7,696921542.4,1114694041,1156135718,1284759928,1357189552,1419294254,1698989464,1602741834,1716714070,1576908856,1547888496,1697161558,1502870486,1393945031,2149632433,2710331785,3097946371,3215307901,3391122887,3235921171,3525213502,4360714359,4722912047,4747813067,4463396204,4285065665,3908217914,3722306117,4462640651,4643751059,4617018959,4134677810,4807069277,4746660274,4621191262,4858885841,
Sint Maarten (Dutch part),SXM,GDP (current US$),NY.GDP.MKTP.CD,,,,,,,,,,,,,,,,,,,,,,,,,,,,,,,,,,,,,,,,,,,,,,,,,,854972067,892290502.8,936089385.5,985865921.8,1022905028,1361811508,1417888715,1427017207,1353212123,1259200447,1407880447,1236428101,1353071061,1592564639,1686525953,1797836666,
Seychelles,SYC,GDP (current US$),NY.GDP.MKTP.CD,12012024.62,11592023.76,12642025.92,13923028.54,15393031.56,15603031.99,16443033.71,16632032.13,16074027.65,16452028.3,18432031.7,21965950.77,30645122.92,36896280.48,43134496.16,47803145.95,49278981.76,64526401.46,85552365.8,127261099.2,156783829.5,163750728.2,157211789.7,156098237,160992921,179691482.7,221147061.3,265212956.8,301985618.1,324333366.5,392163560.9,398307169.9,461409398.9,504230620.6,517570058.2,540733047.7,535250347.1,598966982.4,647287375.8,662838614.9,654212394.3,662064155.9,742134837.5,750847230.1,893012218.2,977899381.8,1081441283,1077308814,979597394.3,850901620.4,981616542.3,1058918707,1089407839,1333160407,1387577870,1432403352,1568513348,1675370641,1784313927,1868690097,1382551752,1487173795,2018346589,2187379755,2167239562,
Syrian Arab Republic,SYR,GDP (current US$),NY.GDP.MKTP.CD,857704413.4,945244972.1,1110565881,1200447408,1339494267,1472036540,1342287553,1580229799,1753746430,2245011515,2140384010,2589851325,3059681698,3239487516,5159557148,6826980444,7633528867,7696011396,9275200458,9929681529,13062420382,15518201335,16298929011,17589277143,17503078174,16403539893,13293205278,11356215543,10577041645,9853395762,12308624418,12981833333,13253565861,13695962055,10122020000,11396706587,13789560878,14505233463,15200846154,15873875969,18937052543,20237024725,20669357462,21828144686,25086950495,28858965517,33751788856,40465318382,52557913569,54111735629,61390830875,67539428159,43190318033,21361254635,21502061466,16466863117,12597854877,16369843352,21497782868,22583045060,12047752036,14353205678,23622827080,,,
Turks and Caicos Islands,TCA,GDP (current US$),NY.GDP.MKTP.CD,,,,,,,,,,,,,,,,,,,,,,,,,,,,,,,,,,,,,,,,,,358744800,366707900,409753600,485598800,578645800,721891500,773490000,862684000,703176000,686788000,842941000,832848000,863328000,956605000,1078274000,1202078000,1197958000,1314329000,1371838000,918387000,1236459000,1434119000,1638653000,1745378000,
Chad,TCD,GDP (current US$),NY.GDP.MKTP.CD,313582728.1,333975336.1,357635713.4,371767002.2,392247517.7,416926303.3,432794921.7,449826322.6,453980096.2,471635621.6,469266736.7,501866730.1,585427546.8,647199483,652532795.1,864602104.7,866044962,935360464.7,1113920124,1004316496,1033002404,876937558.3,834369859.7,832415806,919103734.9,1033069709,1067828246,1163426852,1482597298,1433686312,1738605558,1877137982,1881847670,1463251164,1179837963,1445919895,1607345356,1544689577,1744794531,1534673583,1388506772,1710843377,1997005709,2742815072,4422855661,8655892393,9709626596,10865385132,13385593990,12317614054,14058506664,16685349674,17892228570,17865316886,18144336904,14559599500,13026289836,13349041409,15327000249,14905517743,14932897821,16871937698,17828508290,18340233749,19518819751,
East Asia & Pacific (IDA & IBRD countries),TEA,GDP (current US$),NY.GDP.MKTP.CD,80803222393,71174424447,64922599309,70216443535,81101169481,94498004640,1.03377E+11,1.00372E+11,1.01477E+11,1.14101E+11,1.27052E+11,1.36441E+11,1.55359E+11,1.95413E+11,2.21441E+11,2.4852E+11,2.52687E+11,2.9123E+11,2.82631E+11,3.2725E+11,3.7755E+11,4.0313E+11,4.23408E+11,4.43371E+11,4.80404E+11,5.26032E+11,5.24622E+11,5.18488E+11,5.75525E+11,6.22194E+11,6.66726E+11,7.23905E+11,8.1213E+11,8.91466E+11,1.07328E+12,1.32424E+12,1.52137E+12,1.57497E+12,1.43965E+12,1.58595E+12,1.7466E+12,1.86078E+12,2.06145E+12,2.33515E+12,2.70916E+12,3.13637E+12,3.77875E+12,4.78127E+12,6.05465E+12,6.57333E+12,7.9988E+12,9.76226E+12,1.0892E+13,1.20327E+13,1.29887E+13,1.35323E+13,1.38272E+13,1.50971E+13,1.68813E+13,1.74817E+13,1.77832E+13,2.12052E+13,2.15372E+13,2.16177E+13,2.22334E+13,
Europe & Central Asia (IDA & IBRD countries),TEC,GDP (current US$),NY.GDP.MKTP.CD,,,,,,,,,,,,,,,,,,,,,,,,,,,,,9.91142E+11,9.6417E+11,1.02335E+12,1.00172E+12,9.28556E+11,9.19179E+11,8.28927E+11,9.9138E+11,1.02124E+12,1.05634E+12,9.49935E+11,8.24131E+11,8.96291E+11,9.1168E+11,1.02483E+12,1.26102E+12,1.63137E+12,2.04299E+12,2.47127E+12,3.17913E+12,3.93616E+12,3.1218E+12,3.66784E+12,4.46121E+12,4.65639E+12,4.92481E+12,4.65302E+12,3.63366E+12,3.49209E+12,3.92765E+12,4.09899E+12,4.18453E+12,3.92414E+12,4.63776E+12,5.26448E+12,5.56278E+12,6.13167E+12,
Togo,TGO,GDP (current US$),NY.GDP.MKTP.CD,171057069.1,178497098.3,186745757.9,202305865.2,234572186.5,264505506,305227594.8,327215843.6,341691567.5,378091809.6,358665753.9,404648367.8,474043921.8,574030984,791450308.4,871781686.9,874681611.9,1097893826,1164025637,1259365712,1604836916,1359026709,1160337039,1081387265,1014170069,1076604520,1498219579,1763978066,1947208354,1910635575,2299665506,2262767860,2390796916,1741944426,1387662121,1849110468,2069506014,2116818623,2241650112,2226577204,2106848752,2093498674,2410199032,2987984051,3191561509,3221910408,3320907722,3759962853,4578847113,4721888275,4746386893,5422439152,5413541649,6021729630,6393314708,5755457836,6071167584,6387424240,7029215766,6992654019,7486031562,8541668141,8646453099,9816236303,10651180147,
Thailand,THA,GDP (current US$),NY.GDP.MKTP.CD,2760750861,3034037811,3308912797,3540403457,3889129942,4388937649,5279230817,5638461442,6081009428,6695336567,7086538438,7375000024,8177873151,10838587358,13702998512,14882770594,16985208648,19779312261,24006566637,27371650825,32353514989,34846039194,36589772404,40042798388,41797647776,38900711333,43096773981,50535446555,61667253471,72250748100,85343190719,98234714971,1.11453E+11,1.28889E+11,1.46684E+11,1.69279E+11,1.83035E+11,1.5018E+11,1.13676E+11,1.26669E+11,1.26392E+11,1.20296E+11,1.34301E+11,1.52281E+11,1.72896E+11,1.89318E+11,2.21758E+11,2.62943E+11,2.91383E+11,2.81711E+11,3.41105E+11,3.70819E+11,3.97558E+11,4.20334E+11,4.07339E+11,4.01296E+11,4.13366E+11,4.56357E+11,5.06754E+11,5.43977E+11,5.00462E+11,5.06195E+11,4.95645E+11,5.15906E+11,5.26518E+11,
Tajikistan,TJK,GDP (current US$),NY.GDP.MKTP.CD,,,,,,,,,,,,,,,,,,,,,,,,,,,,,,,2629395066,2536585366,1908554572,1646623195,1522001206,1231561860,1043654822,921518032.9,1320199582,1086612290,860541842.3,1080772551,1221106220,1555318261,2076176869,2312352021,2830213849,3719524541,5161299725,4979472364,5642221099,6522756255,7633036903,8448411318,9112605459,8271431485,6992416097,7536402853,7764999999,8300813599,8133963551,8937805347,10713525200,12244169293,14204575549,
Turkmenistan,TKM,GDP (current US$),NY.GDP.MKTP.CD,,,,,,,,,,,,,,,,,,,,,,,,,,,,2331358820,3010982414,3006988217,3189539641,3208098919,3200539816,3179225949,2561118608,2482228440,2378759975,2450350625,2605689134,2450564100,2904663311,3534772732,4462029109,5977440583,6838351088,8103901996,10276674365,12664165103,19271523179,20214385965,22583157895,29233333333,35164210526,39197543860,43524210526,35799714286,36169428571,37926285714,40765428571,40810067975,41509903182,40589905812,42208726138,45894538666,51387209872,
Latin America & the Caribbean (IDA & IBRD countries),TLA,GDP (current US$),NY.GDP.MKTP.CD,74399051116,82362832266,86399815745,93844819441,1.04303E+11,1.11947E+11,1.23241E+11,1.25362E+11,1.34362E+11,1.49979E+11,1.635E+11,1.81795E+11,2.04232E+11,2.74036E+11,3.58183E+11,3.74351E+11,4.11065E+11,4.52377E+11,5.41375E+11,6.07503E+11,7.43796E+11,8.52847E+11,7.79872E+11,6.81555E+11,7.15171E+11,7.06308E+11,7.12611E+11,7.65001E+11,8.39372E+11,9.31219E+11,1.03937E+12,1.12357E+12,1.23256E+12,1.46687E+12,1.71519E+12,1.85593E+12,2.01632E+12,2.21207E+12,2.23335E+12,2.00275E+12,2.21446E+12,2.16136E+12,1.92732E+12,1.96052E+12,2.26488E+12,2.752E+12,3.23493E+12,3.82696E+12,4.46581E+12,4.17679E+12,5.21262E+12,5.94222E+12,5.99925E+12,6.04463E+12,6.00526E+12,5.06861E+12,4.92209E+12,5.48276E+12,5.34706E+12,5.23055E+12,4.38791E+12,5.11894E+12,5.85188E+12,6.59134E+12,6.7769E+12,
Timor-Leste,TLS,GDP (current US$),NY.GDP.MKTP.CD,,,,,,,,,,,,,,,,,,,,,,,,,,,,,,,128210142,147713000,187891500,216914400,239040500,262819900,306956900,319972700,325729800,225357600,366924276.5,477359252.6,469455490.8,490439116.2,440771962.2,462267954,453792414.6,542795446.5,648523571.3,726937835.8,881909347.1,1042534598,1160555040,1395727421,1447535183,1590282371,1640464612,1584878440,1555988614,2032550389,2162619241,3625024341,3208599889,2079767170,1865608515,
"Middle East, North Africa, Afghanistan & Pakistan (IDA & IBRD)",TMN,GDP (current US$),NY.GDP.MKTP.CD,21778972839,22717751213,23127900672,25478894502,28460826047,31555336449,33702284400,37016912903,41567819038,46228188358,51929379859,58738170013,66728372393,82296472037,1.26534E+11,1.45361E+11,1.79327E+11,2.07141E+11,2.22363E+11,2.76441E+11,3.3568E+11,3.27782E+11,3.66322E+11,4.00996E+11,4.18884E+11,4.50074E+11,4.83834E+11,4.2361E+11,4.108E+11,4.12557E+11,5.57462E+11,3.77591E+11,3.87386E+11,3.41579E+11,3.5909E+11,4.0007E+11,4.43484E+11,4.62009E+11,4.71749E+11,5.1097E+11,5.73242E+11,5.7641E+11,5.61356E+11,6.20752E+11,7.35138E+11,8.51999E+11,9.91121E+11,1.20418E+12,1.45884E+12,1.41058E+12,1.61638E+12,1.89487E+12,2.04068E+12,1.91691E+12,1.9058E+12,1.76669E+12,1.83372E+12,1.86213E+12,1.8616E+12,1.81722E+12,1.65243E+12,1.9216E+12,2.14165E+12,2.07682E+12,2.18989E+12,
Tonga,TON,GDP (current US$),NY.GDP.MKTP.CD,,,,,,,,,,,,,,,,32506741.72,30036416.96,34139387.89,41567471.67,44667002.01,53260077.43,62242013.33,62068161.07,60863963.96,64248354.54,60058663.31,68195855.61,81667133.45,106657267.4,106344855,113563821.6,132201141.4,137066290.6,138489884.4,195990986.2,208871665.7,222100576.3,214991452.3,191504892.8,199208717.5,204848487.8,181117230.4,182764280.8,202246591.2,230678011.4,261823805.4,292232703.3,298519623.3,344438844.3,312415028.4,366887375,414143828.5,471122971.3,451788498.3,440997738,437525514.2,420828262.3,459976850.3,493530783,506031239,506571467.9,519306352.8,556514555.4,591139749.4,,
South Asia (IDA & IBRD),TSA,GDP (current US$),NY.GDP.MKTP.CD,43270012739,46076379864,49304727903,55539363102,63741466509,67970199333,54738691617,60155334542,63211416561,69748993758,74658791270,79443177466,81426298287,97561887958,1.16964E+11,1.23401E+11,1.17989E+11,1.36743E+11,1.5504E+11,1.73921E+11,2.10608E+11,2.20616E+11,2.26595E+11,2.43701E+11,2.39973E+11,2.63679E+11,2.80349E+11,3.13355E+11,3.34075E+11,3.35791E+11,3.6474E+11,3.14469E+11,3.33546E+11,3.27009E+11,3.77443E+11,4.16342E+11,4.58508E+11,4.84983E+11,4.92856E+11,5.31826E+11,5.44941E+11,5.62554E+11,5.93707E+11,6.94776E+11,8.0416E+11,9.2442E+11,1.05188E+12,1.34215E+12,1.34738E+12,1.50296E+12,1.86983E+12,2.04574E+12,2.05796E+12,2.1111E+12,2.32306E+12,2.4145E+12,2.67931E+12,3.07596E+12,3.15984E+12,3.31848E+12,3.17277E+12,3.71705E+12,3.93064E+12,4.2103E+12,4.5123E+12,
Sub-Saharan Africa (IDA & IBRD countries),TSS,GDP (current US$),NY.GDP.MKTP.CD,35992821735,37521652880,40553510690,46127211026,45891005946,50543636348,54780137859,54842900794,58686298468,66258274672,73998855804,76078810558,85727757472,1.0928E+11,1.38642E+11,1.52221E+11,1.64674E+11,1.80959E+11,2.02653E+11,2.38924E+11,3.00099E+11,4.04964E+11,3.76485E+11,3.37928E+11,3.01936E+11,2.8831E+11,2.7024E+11,3.02632E+11,3.1869E+11,3.2439E+11,3.79792E+11,4.06697E+11,3.65899E+11,3.69858E+11,3.78182E+11,4.81079E+11,5.3753E+11,5.65283E+11,5.66816E+11,4.04652E+11,4.28789E+11,4.10936E+11,4.49501E+11,5.6592E+11,7.02843E+11,8.36994E+11,9.88873E+11,1.14524E+12,1.30103E+12,1.24196E+12,1.46962E+12,1.65096E+12,1.7173E+12,1.82549E+12,1.90291E+12,1.68802E+12,1.5319E+12,1.67213E+12,1.7988E+12,2.04571E+12,1.90239E+12,2.1408E+12,2.29262E+12,2.1176E+12,1.97908E+12,
Trinidad and Tobago,TTO,GDP (current US$),NY.GDP.MKTP.CD,535673252.5,584964620.9,619322810,678239329.4,711897520.3,736573158.6,723739857.3,761981912.4,758899950,779200000,821850000,896765214.6,1083391758,1308785431,2042001071,2442669825,2500424955,3138666667,3562333458,4602416625,6235833333,6992083333,8140416667,7763750000,7757083333,7375918367,4794444444,4797777778,4496910569,4323058824,5068000000,5307905882,5439552941,4669491134,4947181646,5329217747,5759570336,5737771523,6043686654,6808982521,8154342116,8824849191,9008298229,11305459802,13280291990,15982389018,18369361094,21641620050,27871587350,19172165226,22157920592,25433007437,27147349937,28560537057,29474180005,26841141793,23624322193,23830750901,23883058083,23477745792,20888515184,24222963263,28341164301,25036993423,25633544529,
Tunisia,TUN,GDP (current US$),NY.GDP.MKTP.CD,,866155428.6,880027733.3,1026737600,1025866792,991047619,1040952381,1085714286,1214666667,1289904762,1439238095,1685162272,2237556149,2730813385,3545868575,4328965588,4508191942,5109324009,5968460080,7188863904,8744134354,8428445294,8133580052,8350582748,8254541195,8410226053,9017806654,9696715911,10096245762,10101851745,12290568182,13074782609,15496708060,14608335608,15633174304,18030876599,19587161807,20746210354,21802893587,22943202175,21473528161,22065832449,23141616605,27453902261,31183885241,32272186695,34376664601,38915353867,44859439902,43455740497,46206091938,48123325825,47311401813,48685446414,50271812921,45779494042,44360072680,42163530591,42686504460,41905642419,42491780918,47073234359,44929920093,48205328303,51332285657,
Turkiye,TUR,GDP (current US$),NY.GDP.MKTP.CD,7566666667,7988888889,8922222222,10355555556,11177777778,11966666667,14100000000,15644444444,17500000000,19466666667,17863636364,16166666667,20650000000,26000000000,35414285714,46042857143,51450000000,58683333333,65912500000,89616129032,68823684211,71180180180,64369325153,61803555556,59937602180,67232758621,75673037037,87190081680,90875175809,1.07127E+11,1.50656E+11,1.51035E+11,1.59105E+11,1.80416E+11,1.3065E+11,2.347E+11,2.50367E+11,2.63818E+11,2.76035E+11,2.56674E+11,2.74748E+11,2.02195E+11,2.40778E+11,3.15393E+11,4.10157E+11,5.08314E+11,5.59668E+11,6.85228E+11,7.75416E+11,6.53894E+11,7.82546E+11,8.44193E+11,8.85328E+11,9.62168E+11,9.42343E+11,8.6546E+11,8.70818E+11,8.63875E+11,7.88357E+11,7.75853E+11,7.33628E+11,8.39939E+11,9.26097E+11,1.14124E+12,1.35912E+12,
Tuvalu,TUV,GDP (current US$),NY.GDP.MKTP.CD,,,,,,,,,,,2585955.874,2716989.584,2968457.944,3411915.439,4122328.666,4014748.054,3919072.23,3669419.592,3798781.863,4065659.434,4206128.134,4773017.532,4118945.162,4152550.304,4481977.903,3862851.883,4574706.212,5020513.499,7011059.371,8454523.247,9542900.901,10127313.91,10535028.14,10414399.96,11772610.66,11922614.2,13338597.33,13734210.1,13795146.21,14800503.26,15073975.53,13964732.33,16842672.6,19456338.03,22798274.98,22909979.82,24096875.46,28450168.69,31874434.86,28076983.97,32105408.48,39196957.49,39345579.47,38615890.63,38760982.65,36811936.08,41629064.22,45276595.35,48015259.88,54123198.57,51746594.31,60196405.71,59065982.09,62280311.59,,
Tanzania,TZA,GDP (current US$),NY.GDP.MKTP.CD,2651729807,2826179031,3101589993,3456579293,3748840925,3817226546,4377998825,4565132048,4895251824,5142066811,2851419386,3050673517,3472787266,4144104535,4977337978,5729917840,6472511988,7732598995,9261675710,9804637491,11409228087,13161540378,13927383240,14049883809,12906635133,15328295175,10840864521,7824193222,7406614407,6418799007,6184384225,7197768159,6681997469,6182872708,6550480484,7631431840,9433528150,11158197942,12172790056,12704334196,13371767082,13563990022,14129651896,15211487709,16673062473,18395383647,18619859795,21860434823,27947821398,29400573554,32012892919,34657140096,39650394363,45648857242,49986726461,47413919817,49774409374,53274884533,57003712892,61026731926,66068737786,70655628148,75749121843,79030935627,78844405385,
Uganda,UGA,GDP (current US$),NY.GDP.MKTP.CD,423145605,441667334.6,449158233.4,516315231.4,589247687.3,884502310,925381492.4,967240655.2,1037379252,1168556629,1259554809,1417191656,1490970181,1701829789,2098944967,2359555556,2447300000,2936470588,2420260870,2139025000,1244610000,1337300000,2177500000,2240333333,3615647477,3519695444,3923244050,6269522042,6508931652,5276480799,4304399310,3321729160,2857457762,3220439044,3990430447,5755818842,6044585327,6269333313,6584815847,5998563258,6193246837,5840503869,6178563591,6606884275,7939487548,9239221763,9977647683,11902564495,14440404132,25127805567,26673441431,27871725241,27305915911,28915786517,32612397257,32387183730,29203988696,30744473841,32927025620,35353061003,37600368242,40529788749,45565333211,48768955863,53911907086,
Ukraine,UKR,GDP (current US$),NY.GDP.MKTP.CD,,,,,,,,,,,,,,,,,,,,,,,,,,,,64087694038,74703517903,82709161099,81393558423,77350733982,73945908384,65648559903,52549580265,48213856469,44558831005,50151531592,41882523345,31580639554,32375083935,39309580983,43956163612,52010355753,67220154164,89238865119,1.11885E+11,1.48734E+11,1.8811E+11,1.21552E+11,1.41209E+11,1.69334E+11,1.82592E+11,1.90499E+11,1.33504E+11,91030967789,93355869404,1.12091E+11,1.30891E+11,1.53883E+11,1.56618E+11,1.99766E+11,1.6199E+11,1.81222E+11,1.90741E+11,
Upper middle income,UMC,GDP (current US$),NY.GDP.MKTP.CD,1.68301E+11,1.65922E+11,1.6738E+11,1.83977E+11,2.10883E+11,2.35906E+11,2.60317E+11,2.63557E+11,2.78937E+11,3.13018E+11,3.43935E+11,3.74393E+11,4.29646E+11,5.66427E+11,7.28956E+11,8.06609E+11,8.73862E+11,9.79427E+11,1.07927E+12,1.25663E+12,1.47198E+12,1.59127E+12,1.56292E+12,1.52873E+12,1.6154E+12,1.66663E+12,1.71085E+12,1.72713E+12,1.86603E+12,2.0659E+12,2.41029E+12,2.33583E+12,2.49685E+12,2.75258E+12,3.10024E+12,3.59045E+12,3.96936E+12,4.22748E+12,4.10156E+12,3.99409E+12,4.36761E+12,4.37246E+12,4.40793E+12,4.91536E+12,5.80008E+12,6.89504E+12,8.13424E+12,1.00058E+13,1.21051E+13,1.20261E+13,1.46969E+13,1.75743E+13,1.87654E+13,1.99604E+13,2.07351E+13,1.99866E+13,2.00852E+13,2.20246E+13,2.35789E+13,2.39816E+13,2.32431E+13,2.77327E+13,2.89407E+13,2.99393E+13,3.09861E+13,
Uruguay,URY,GDP (current US$),NY.GDP.MKTP.CD,1242289239,1547388781,1710004407,1539681491,1975701816,1890767156,1809185094,1597713469,1593674185,2004435484,2137096774,2807258065,2189418689,3964296443,4090209682,3538278047,3667161241,4114670014,4910254566,7181182224,10163020116,11048301421,9178780077,5102276308,4850238550,4732017873,5880112788,7367494080,8213538369,8438951476,9298807850,11206176651,12878148791,15002136971,17474588896,19297663097,20515458114,23969739234,25385886978,23983945191,22823270892,20898761742,13606515723,12045638352,13686329890,17362857684,19741420740,23797773024,31119602539,32708319078,41950361212,50342406067,54232266359,61337621934,61496186974,57680327999,57480787465,65005997963,65344577416,62222313619,53559359262,60739084241,70594110920,77991666838,80961511074,
United States,USA,GDP (current US$),NY.GDP.MKTP.CD,5.41989E+11,5.6194E+11,6.03639E+11,6.37059E+11,6.84145E+11,7.41905E+11,8.13033E+11,8.5962E+11,9.40225E+11,1.01744E+12,1.0733E+12,1.16485E+12,1.27911E+12,1.42538E+12,1.54524E+12,1.6849E+12,1.87341E+12,2.08183E+12,2.3516E+12,2.62733E+12,2.85731E+12,3.20704E+12,3.34379E+12,3.63404E+12,4.03761E+12,4.33898E+12,4.57963E+12,4.85522E+12,5.23644E+12,5.64158E+12,5.96314E+12,6.15813E+12,6.52033E+12,6.85856E+12,7.28724E+12,7.63975E+12,8.07312E+12,8.57755E+12,9.06282E+12,9.63117E+12,1.02509E+13,1.05819E+13,1.09291E+13,1.14564E+13,1.22172E+13,1.30392E+13,1.38156E+13,1.44742E+13,1.47699E+13,1.44781E+13,1.5049E+13,1.55997E+13,1.6254E+13,1.68432E+13,1.75507E+13,1.8206E+13,1.86951E+13,1.94773E+13,2.05331E+13,2.1381E+13,2.10605E+13,2.33151E+13,2.56048E+13,2.72922E+13,2.8751E+13,
Uzbekistan,UZB,GDP (current US$),NY.GDP.MKTP.CD,,,,,,,,,,,,,,,,,,,,,,,,,,,,8523160593,10722799639,11948815258,13362340338,13800167712,12953801760,13099920056,12899074922,13350461265,13948892216,14744603774,14988971211,17078465982,13760513969,11401421329,9687788513,10134453435,12030023548,14307509839,17330833853,22311393928,29549438884,33689223673,49765676402,60178909297,67517349212,73180037915,80845385809,86196264755,86138288644,69703222283,58695899092,67293639798,66443265418,77340060003,90095926567,1.02642E+11,1.14965E+11,
St. Vincent and the Grenadines,VCT,GDP (current US$),NY.GDP.MKTP.CD,13066634,13999965,14524963.69,13708299.06,14758296.44,15108295.56,16099959.75,15835106.03,15350000,16650000,18450000,20051922.33,27585804.87,30165081.09,32923702.73,33237225.99,32792844.68,49353161.85,60844771.48,71096359.63,82340339.63,102086539.3,113759203.3,122255349.6,135024987.8,145641705.2,160846656.7,175580647.4,200726712.6,214745002.2,240366666.7,254829629.6,277955555.6,286307407.4,289437037,316007407.4,331488888.9,347770370.4,373618518.5,390718518.5,427946037,462072333.3,487763851.9,509090888.9,549900185.2,579948925.9,643501148.1,713596666.7,732663259.3,714300259.3,720447888.9,713796370.4,730032592.6,764781259.3,770900000,786555555.6,814303703.7,844040740.7,884329629.6,910481481.5,864566666.7,888677777.8,989188888.9,1072237037,1157207407,
"Venezuela, RB",VEN,GDP (current US$),NY.GDP.MKTP.CD,7663938303,8067267031,8814309884,9608717288,8192413793,8427777778,8781333333,9250000000,10034444444,10285111111,11561111111,12986590909,13977727273,17035581395,26100930233,27464651163,31419534884,36210697674,39316279070,48310930233,59116511628,66327441860,67736744186,67556279070,59867743468,61965466667,60516123711,48029034483,60226413793,43536709104,48606952195,53453444787,60416519620,60037460783,58418666667,77389487770,70543211119,85837678560,91336763255,97972842462,1.17146E+11,1.22911E+11,92893587734,83620628582,1.12451E+11,1.45513E+11,1.83478E+11,2.30364E+11,3.15953E+11,3.29788E+11,3.93192E+11,3.16482E+11,3.72592E+11,2.58931E+11,2.1469E+11,1.25449E+11,1.12915E+11,1.15883E+11,1.02021E+11,73014084091,42838020721,56614976855,89013255585,1.02377E+11,1.19803E+11,
British Virgin Islands,VGB,GDP (current US$),NY.GDP.MKTP.CD,,,,,,,,,,,,,,,,,,,,,,,,,,,,,,,,,,,,,,,,,,,,,,,,,,,,,,,,,,,,,,,,,,
Virgin Islands (U.S.),VIR,GDP (current US$),NY.GDP.MKTP.CD,,,,,,,,,,,,,,,,,,,,,,,,,,,,,,,,,,,,,,,,,,,3262000000,3443000000,3797000000,4428000000,4484000000,4784000000,4244000000,4201000000,4324000000,4223000000,4089000000,3738000000,3565000000,3663000000,3798000000,3794000000,3923000000,4121000000,4229000000,4507000000,4672000000,,,
Viet Nam,VNM,GDP (current US$),NY.GDP.MKTP.CD,,,,,,,,,,,,,,,,,,,,,,,,,,14094687821,26336616250,36658108850,25423812649,6293304975,6471740806,9613369520,9866990236,13180953598,16286433533,20736164459,24657470575,26843700442,27209602050,28683659007,31172518403,32685198809,35064105501,39552513232,45427854693,57633255738,66371664817,77414425532,99130304099,1.06015E+11,1.47201E+11,1.72595E+11,1.95591E+11,2.13709E+11,2.33451E+11,2.39258E+11,2.57096E+11,2.81354E+11,3.10106E+11,3.34365E+11,3.46616E+11,3.66475E+11,4.13445E+11,4.33858E+11,4.76388E+11,
Vanuatu,VUT,GDP (current US$),NY.GDP.MKTP.CD,,,,,,,,,,,,,,,,,,,,119258835.3,121185497.6,113781795.8,114501912.5,117389554.2,144482515.4,131856420.7,126498935.3,139464173.5,158351368.4,154013202.1,168879207.2,201334169.1,209088824.6,200491853.2,233701301.5,249333250.1,261370044.5,272771209.1,262293410.7,268006972.7,272014627.8,257926881.7,262596535.5,314471413,364996869.1,394962433,439358586.5,516392922.5,590748429.4,592622319.1,670712979.7,770153588.2,747839697.7,758304466.2,773717010.5,759690181,804323576.9,880043284.4,914727908.1,936526267.6,909421043.5,950394006.5,1055031361,1115861056,1117972034,
World,WLD,GDP (current US$),NY.GDP.MKTP.CD,1.36649E+12,1.44397E+12,1.5449E+12,1.67035E+12,1.83103E+12,1.99523E+12,2.16271E+12,2.29487E+12,2.47982E+12,2.73912E+12,3.00426E+12,3.3199E+12,3.83421E+12,4.68856E+12,5.41951E+12,6.03514E+12,6.56017E+12,7.41644E+12,8.77966E+12,1.01555E+13,1.14528E+13,1.18434E+13,1.17193E+13,1.1963E+13,1.2428E+13,1.3017E+13,1.53484E+13,1.74722E+13,1.95248E+13,2.03958E+13,2.29228E+13,2.39209E+13,2.5547E+13,2.59749E+13,2.79614E+13,3.12454E+13,3.1969E+13,3.18706E+13,3.17337E+13,3.27828E+13,3.38982E+13,3.36904E+13,3.49915E+13,3.92433E+13,4.42254E+13,4.79005E+13,5.19235E+13,5.85258E+13,6.43117E+13,6.09823E+13,6.68112E+13,7.43097E+13,7.59606E+13,7.80349E+13,8.00549E+13,7.56219E+13,7.68317E+13,8.18391E+13,8.7051E+13,8.84833E+13,8.59128E+13,9.81405E+13,1.02252E+14,1.06742E+14,1.10983E+14,
Samoa,WSM,GDP (current US$),NY.GDP.MKTP.CD,,,,,,,,,,,45208337.61,53719568.97,62566116.38,82452985.37,93549610.93,93489282.55,85003077.7,98295671.03,108223444.2,122257392.9,125747038,118190654.7,121221651.6,111862823.6,109200934.3,95572172.98,100947848.6,111713922.1,133016065.4,122888609.7,125766269.8,125597205.4,132303041.4,133122897.2,221098106.5,224865731.4,249907868.8,285475591.9,269485244.2,255408060.3,258856139.8,266299591.5,281790134.2,333426188.4,407747565.1,476801793.2,499923757.8,573548459.8,641346191.7,628006115.4,680260907.2,744097050.2,773141661.2,797736334.3,796683519.6,824150498.7,843924796.7,884844384.5,878448433.4,912950466.1,868884903,859724936.1,889554711.8,1044909500,1175749786,
Kosovo,XKX,GDP (current US$),NY.GDP.MKTP.CD,,,,,,,,,,,,,,,,,,,,,,,,,,,,,,,,,,,,,,,,,,,,,,,,,5181776769,5015894693,5343950556,6341613610,6163484245,6735328610,7074394735,6295848423,6682677290,7180768692,7878762812,7899741279,7717143396,9413408574,9354907646,10468224575,11197246323,
"Yemen, Rep.",YEM,GDP (current US$),NY.GDP.MKTP.CD,,,,,,,,,,,,,,,,,,,,,,,,,,,,,,,12643821569,14665445462,17959367194,21736802664,28019483764,12796345679,6496163616,6838298531,6322175566,7639325296,9679316770,9852990693,10693430511,11777532662,13867634371,16731566717,19063143370,21650528674,26910855807,25130278213,30906749533,32726417878,35401331610,40415233436,43228585321,42444490074,31317825274,26842229045,21606160663,,,,,,,
South Africa,ZAF,GDP (current US$),NY.GDP.MKTP.CD,8748596501,9225996310,9813996074,10854195658,11955995218,13068994772,14211394315,15821393671,17124793150,19256992297,21218391513,23411076638,24515919217,33262772008,41389186095,42906905672,41150460288,45328411332,51607412902,63038658089,89411864402,93141472164,85904057409,96204110942,84870163366,64459376087,73354771399,96535763418,1.03977E+11,1.08056E+11,1.26048E+11,1.35204E+11,1.46956E+11,1.47195E+11,1.53513E+11,1.71736E+11,1.63235E+11,1.68978E+11,1.52983E+11,1.51517E+11,1.51753E+11,1.3543E+11,1.29088E+11,1.97019E+11,2.55807E+11,2.88867E+11,3.03859E+11,3.33077E+11,3.16131E+11,3.29754E+11,4.17364E+11,4.58199E+11,4.34401E+11,4.00886E+11,3.81199E+11,3.4671E+11,3.23586E+11,3.81449E+11,4.05261E+11,3.8933E+11,3.37975E+11,4.19986E+11,4.07596E+11,3.81441E+11,4.01145E+11,
Zambia,ZMB,GDP (current US$),NY.GDP.MKTP.CD,698739720.8,682359727.3,679279728.6,704339718.5,822639671.3,1061199576,1238999505,1340639464,1573739371,1926399230,1788779285,1653259341,1872416680,2434255237,2910981262,2442672141,2742859263,2515296940,2811032473,3353445378,3884530854,4008126497,3871117093,3321048451,2719518933,2252454500,1664413508,2265250972,3728878149,3994673161,3288381797,3376806697,3182810841,3273505344,3656806166,3806983413,3597220962,4303288480,3537741942,3404284891,3600632111,4094441301,4193850445,4901869764,6221110219,8331870169,12756858899,14056957976,17910858638,15328342304,20265559484,23459515276,25503060420,28037239463,27141023558,21251216799,20958412538,25873601261,26311507274,23308667781,18137764931,22096416932,29163782140,27577956471,25303185342,
Zimbabwe,ZWE,GDP (current US$),NY.GDP.MKTP.CD,1053528036,1097206526,1118172226,1160103724,1217759447,1312105394,1282403936,1397715282,1480355355,1748891294,1885168339,2179828710,2679096597,3311043292,3984194614,4373532601,4320576877,4366610469,4353822343,5180102910,6682278300,8015464252,8544060905,7768031182,6355369172,5640137575,6220698247,6744657033,7818774177,8290553535,8788301546,8646000000,6755000000,6567250000,6894250000,7115000000,8557500000,8534000000,6405250000,6861500000,6693250000,6780750000,6345250000,5730500000,5808500000,5758250000,5446750000,5294750000,4418000000,9670750000,12047750000,14109000000,17123500000,19100750000,19505500000,19973250000,20559250000,51035657371,34141666667,33357695635,31980334561,41287673690,40757561709,35871779681,41539411516,